5860	/javascript-books/You Don't Know JS_ ES6 & Beyond.pdf	//humboldt-script/_tests_/testData/B/book1.pdf
5860	/javascript-books/You Don't Know JS_ ES6 & Beyond.pdf	//humboldt-script/_tests_/testData/A/javascript-books/You Don't Know JS_ ES6 & Beyond.pdf
5652	/javascript-books/2797.pdf	//humboldt-script/_tests_/testData/A/javascript-books/2797.pdf
4292	/thesis2_copy/images/chapter1/fig1.eps	//Phd/thesis2/images/chapter1/fig1.eps
4292	/thesis2_copy/images/chapter1/fig1.eps	//Phd/thesis2 copy/images/chapter1/fig1.eps
4148	/thesis2_copy/images/chapter1/graphicalAbstract.eps	//Phd/thesis2/images/chapter1/graphicalAbstract.eps
4148	/thesis2_copy/images/chapter1/graphicalAbstract.eps	//Phd/thesis2 copy/images/chapter1/graphicalAbstract.eps
3488	/javascript-books/You Don't Know JS_ Types & Grammar.pdf	//humboldt-script/_tests_/testData/B/You Don't Know JS_ Types & Grammar.pdf
3488	/javascript-books/You Don't Know JS_ Types & Grammar.pdf	//humboldt-script/_tests_/testData/A/javascript-books/You Don't Know JS_ Types & Grammar.pdf
3116	/personal/Ingenieria_de_sistemas_e_industrial.doc	//papeles_andres/personal/Ingenieria_de_sistemas_e_industrial.doc
2988	/personal/CV_ACASTILLO_EN.pdf	//2andres/CV_ACASTILLO_EN.pdf
2888	/personal/Ingenier%C3%ACa_de_sistemas_e_industrial.doc	//papeles_andres/personal/Ingenier%C3%ACa_de_sistemas_e_industrial.doc
2808	/similarity/images/dist/molCosine.eps	//2andres/similarity/images/dist/molCosine.eps
2808	/similarity/images/dist/jkm.eps	//2andres/similarity/images/dist/jkm.eps
2808	/similarity/images/dist/c_wBinning.eps	//2andres/similarity/images/dist/c_wBinning.eps
2804	/similarity/images/dist/h_wBinning.eps	//2andres/similarity/images/dist/h_wBinning.eps
2804	/similarity/images/dist/h_tree.eps	//2andres/similarity/images/dist/h_tree.eps
2804	/similarity/images/dist/h_binning.eps	//2andres/similarity/images/dist/h_binning.eps
2804	/similarity/images/dist/c_tree.eps	//2andres/similarity/images/dist/c_tree.eps
2804	/similarity/images/dist/c_binning.eps	//2andres/similarity/images/dist/c_binning.eps
2592	/personal/Ingenieria_de_sistemas_e_industrial.odt	//papeles_andres/personal/Ingenieria_de_sistemas_e_industrial.odt
2556	/javascript-books/You Don't Know JS_ This & Object Prototypes.pdf	//humboldt-script/_tests_/testData/B/You Don't Know JS_ This & Object Prototypes.pdf
2556	/javascript-books/You Don't Know JS_ This & Object Prototypes.pdf	//humboldt-script/_tests_/testData/A/javascript-books/You Don't Know JS_ This & Object Prototypes.pdf
2536	/Universidad/tesis/unswthesis/Fig_Kap4/arbol_espec.eps	//tesis/unswthesis/Fig_Kap4/arbol_espec.eps
2536	/Universidad/tesis/unswthesis/Fig_Kap4/arbol_espec.eps	//tesis/TesisMScyPhD_en_LATEX/Kap4/Fig_Kap4/arbol_espec.eps
2536	/Universidad/tesis/unswthesis/Fig_Kap4/arbol_espec.eps	//presentacion/images/arbol_espec.eps
2536	/Universidad/Doctorado/unswthesis/Fig_Kap4/arbol_espec.eps	//tesis/unswthesis/Fig_Kap4/arbol_espec.eps
2536	/Universidad/Doctorado/unswthesis/Fig_Kap4/arbol_espec.eps	//tesis/TesisMScyPhD_en_LATEX/Kap4/Fig_Kap4/arbol_espec.eps
2536	/Universidad/Doctorado/unswthesis/Fig_Kap4/arbol_espec.eps	//presentacion/images/arbol_espec.eps
2524	/thesis2_copy/images/chapter3/PaperAssignerFigure4.png	//Phd/thesis2/images/chapter3/PaperAssignerFigure4.png
2524	/thesis2_copy/images/chapter3/PaperAssignerFigure4.png	//Phd/thesis2 copy/images/chapter3/PaperAssignerFigure4.png
2216	/Universidad/tesis/unswthesis/Fig_Kap2/mapa-elucidacion.eps	//tesis/unswthesis/Fig_Kap2/mapa-elucidacion.eps
2216	/Universidad/tesis/unswthesis/Fig_Kap2/mapa-elucidacion.eps	//tesis/similarity/mapa-elucidacion.eps
2216	/Universidad/tesis/unswthesis/Fig_Kap2/mapa-elucidacion.eps	//tesis/TesisMScyPhD_en_LATEX/Kap2/Fig_Kap2/mapa-elucidacion.eps
2216	/Universidad/Doctorado/unswthesis/Fig_Kap2/mapa-elucidacion.eps	//tesis/unswthesis/Fig_Kap2/mapa-elucidacion.eps
2216	/Universidad/Doctorado/unswthesis/Fig_Kap2/mapa-elucidacion.eps	//tesis/similarity/mapa-elucidacion.eps
2216	/Universidad/Doctorado/unswthesis/Fig_Kap2/mapa-elucidacion.eps	//tesis/TesisMScyPhD_en_LATEX/Kap2/Fig_Kap2/mapa-elucidacion.eps
2084	/Universidad/tesis/unswthesis/tesisLatex/Kap3/FrutoSp.EPS	//tesis/unswthesis/tesisLatex/Kap3/FrutoSp.EPS
2084	/Universidad/tesis/unswthesis/tesisLatex/Kap3/FrutoSp.EPS	//tesis/unswthesis/tesisLatex/Kap3/Fig_Kap3/FrutoSp.EPS
2084	/Universidad/tesis/unswthesis/tesisLatex/Kap3/FrutoSp.EPS	//tesis/unswthesis/tesisLatex/Kap3/Fig_Kap3/Fruto2.EPS
2084	/Universidad/tesis/unswthesis/tesisLatex/Kap3/FrutoSp.EPS	//tesis/unswthesis/tesisLatex/Kap2/FrutoSp.EPS
2084	/Universidad/tesis/unswthesis/tesisLatex/Kap3/Fig_Kap3/FrutoSp.EPS	//tesis/unswthesis/tesisLatex/Kap3/FrutoSp.EPS
2084	/Universidad/tesis/unswthesis/tesisLatex/Kap3/Fig_Kap3/FrutoSp.EPS	//tesis/unswthesis/tesisLatex/Kap3/Fig_Kap3/FrutoSp.EPS
2084	/Universidad/tesis/unswthesis/tesisLatex/Kap3/Fig_Kap3/FrutoSp.EPS	//tesis/unswthesis/tesisLatex/Kap3/Fig_Kap3/Fruto2.EPS
2084	/Universidad/tesis/unswthesis/tesisLatex/Kap3/Fig_Kap3/FrutoSp.EPS	//tesis/unswthesis/tesisLatex/Kap2/FrutoSp.EPS
2084	/Universidad/tesis/unswthesis/tesisLatex/Kap3/Fig_Kap3/Fruto2.EPS	//tesis/unswthesis/tesisLatex/Kap3/FrutoSp.EPS
2084	/Universidad/tesis/unswthesis/tesisLatex/Kap3/Fig_Kap3/Fruto2.EPS	//tesis/unswthesis/tesisLatex/Kap3/Fig_Kap3/FrutoSp.EPS
2084	/Universidad/tesis/unswthesis/tesisLatex/Kap3/Fig_Kap3/Fruto2.EPS	//tesis/unswthesis/tesisLatex/Kap3/Fig_Kap3/Fruto2.EPS
2084	/Universidad/tesis/unswthesis/tesisLatex/Kap3/Fig_Kap3/Fruto2.EPS	//tesis/unswthesis/tesisLatex/Kap2/FrutoSp.EPS
2084	/Universidad/tesis/unswthesis/tesisLatex/Kap3/Fig_Kap3/Fruto.EPS	//tesis/unswthesis/tesisLatex/Kap3/Fig_Kap3/Fruto.EPS
2084	/Universidad/tesis/unswthesis/tesisLatex/Kap2/FrutoSp.EPS	//tesis/unswthesis/tesisLatex/Kap3/FrutoSp.EPS
2084	/Universidad/tesis/unswthesis/tesisLatex/Kap2/FrutoSp.EPS	//tesis/unswthesis/tesisLatex/Kap3/Fig_Kap3/FrutoSp.EPS
2084	/Universidad/tesis/unswthesis/tesisLatex/Kap2/FrutoSp.EPS	//tesis/unswthesis/tesisLatex/Kap3/Fig_Kap3/Fruto2.EPS
2084	/Universidad/tesis/unswthesis/tesisLatex/Kap2/FrutoSp.EPS	//tesis/unswthesis/tesisLatex/Kap2/FrutoSp.EPS
2084	/Universidad/Doctorado/unswthesis/tesisLatex/Kap3/FrutoSp.EPS	//tesis/unswthesis/tesisLatex/Kap3/FrutoSp.EPS
2084	/Universidad/Doctorado/unswthesis/tesisLatex/Kap3/FrutoSp.EPS	//tesis/unswthesis/tesisLatex/Kap3/Fig_Kap3/FrutoSp.EPS
2084	/Universidad/Doctorado/unswthesis/tesisLatex/Kap3/FrutoSp.EPS	//tesis/unswthesis/tesisLatex/Kap3/Fig_Kap3/Fruto2.EPS
2084	/Universidad/Doctorado/unswthesis/tesisLatex/Kap3/FrutoSp.EPS	//tesis/unswthesis/tesisLatex/Kap2/FrutoSp.EPS
2084	/Universidad/Doctorado/unswthesis/tesisLatex/Kap3/Fig_Kap3/FrutoSp.EPS	//tesis/unswthesis/tesisLatex/Kap3/FrutoSp.EPS
2084	/Universidad/Doctorado/unswthesis/tesisLatex/Kap3/Fig_Kap3/FrutoSp.EPS	//tesis/unswthesis/tesisLatex/Kap3/Fig_Kap3/FrutoSp.EPS
2084	/Universidad/Doctorado/unswthesis/tesisLatex/Kap3/Fig_Kap3/FrutoSp.EPS	//tesis/unswthesis/tesisLatex/Kap3/Fig_Kap3/Fruto2.EPS
2084	/Universidad/Doctorado/unswthesis/tesisLatex/Kap3/Fig_Kap3/FrutoSp.EPS	//tesis/unswthesis/tesisLatex/Kap2/FrutoSp.EPS
2084	/Universidad/Doctorado/unswthesis/tesisLatex/Kap3/Fig_Kap3/Fruto2.EPS	//tesis/unswthesis/tesisLatex/Kap3/FrutoSp.EPS
2084	/Universidad/Doctorado/unswthesis/tesisLatex/Kap3/Fig_Kap3/Fruto2.EPS	//tesis/unswthesis/tesisLatex/Kap3/Fig_Kap3/FrutoSp.EPS
2084	/Universidad/Doctorado/unswthesis/tesisLatex/Kap3/Fig_Kap3/Fruto2.EPS	//tesis/unswthesis/tesisLatex/Kap3/Fig_Kap3/Fruto2.EPS
2084	/Universidad/Doctorado/unswthesis/tesisLatex/Kap3/Fig_Kap3/Fruto2.EPS	//tesis/unswthesis/tesisLatex/Kap2/FrutoSp.EPS
2084	/Universidad/Doctorado/unswthesis/tesisLatex/Kap3/Fig_Kap3/Fruto.EPS	//tesis/unswthesis/tesisLatex/Kap3/Fig_Kap3/Fruto.EPS
2084	/Universidad/Doctorado/unswthesis/tesisLatex/Kap2/FrutoSp.EPS	//tesis/unswthesis/tesisLatex/Kap3/FrutoSp.EPS
2084	/Universidad/Doctorado/unswthesis/tesisLatex/Kap2/FrutoSp.EPS	//tesis/unswthesis/tesisLatex/Kap3/Fig_Kap3/FrutoSp.EPS
2084	/Universidad/Doctorado/unswthesis/tesisLatex/Kap2/FrutoSp.EPS	//tesis/unswthesis/tesisLatex/Kap3/Fig_Kap3/Fruto2.EPS
2084	/Universidad/Doctorado/unswthesis/tesisLatex/Kap2/FrutoSp.EPS	//tesis/unswthesis/tesisLatex/Kap2/FrutoSp.EPS
1944	/Universidad/tesis/unswthesis/Fig_Kap4/2d_grids_fig2.eps	//tesis/unswthesis/Fig_Kap4/2d_grids_fig2.eps
1944	/Universidad/tesis/unswthesis/Fig_Kap4/2d_grids_fig2.eps	//tesis/similarity/2d_grids_fig2.eps
1944	/Universidad/tesis/unswthesis/Fig_Kap4/2d_grids_fig2.eps	//tesis/TesisMScyPhD_en_LATEX/Kap4/Fig_Kap4/2d_grids_fig2.eps
1944	/Universidad/Doctorado/unswthesis/Fig_Kap4/2d_grids_fig2.eps	//tesis/unswthesis/Fig_Kap4/2d_grids_fig2.eps
1944	/Universidad/Doctorado/unswthesis/Fig_Kap4/2d_grids_fig2.eps	//tesis/similarity/2d_grids_fig2.eps
1944	/Universidad/Doctorado/unswthesis/Fig_Kap4/2d_grids_fig2.eps	//tesis/TesisMScyPhD_en_LATEX/Kap4/Fig_Kap4/2d_grids_fig2.eps
1760	/Universidad/tesis/unswthesis/Fig_Kap3/fig6_2.eps	//tesis/unswthesis/Fig_Kap3/fig6_2.eps
1760	/Universidad/tesis/unswthesis/Fig_Kap3/fig6_2.eps	//tesis/TesisMScyPhD_en_LATEX/Kap3/Fig_Kap3/fig6_2.eps
1760	/Universidad/Doctorado/unswthesis/Fig_Kap3/fig6_2.eps	//tesis/unswthesis/Fig_Kap3/fig6_2.eps
1760	/Universidad/Doctorado/unswthesis/Fig_Kap3/fig6_2.eps	//tesis/TesisMScyPhD_en_LATEX/Kap3/Fig_Kap3/fig6_2.eps
1692	/thesis2_copy/images/chapter5/fig3_2.svg	//Phd/thesis2/images/chapter5/old/fig3_2.svg
1692	/thesis2_copy/images/chapter5/fig3_2.svg	//Phd/thesis2 copy/images/chapter5/fig3_2.svg
1676	/revised/fig2b.eps	//tesis/unswthesis/Fig_Kap3/fig2b.eps
1676	/revised/fig2b.eps	//tesis/TesisMScyPhD_en_LATEX/Kap3/Fig_Kap3/fig2b.eps
1676	/revised/fig2b.eps	//revised/fig2b.eps
1676	/Universidad/tesis/unswthesis/Fig_Kap3/fig2b.eps	//tesis/unswthesis/Fig_Kap3/fig2b.eps
1676	/Universidad/tesis/unswthesis/Fig_Kap3/fig2b.eps	//tesis/TesisMScyPhD_en_LATEX/Kap3/Fig_Kap3/fig2b.eps
1676	/Universidad/tesis/unswthesis/Fig_Kap3/fig2b.eps	//revised/fig2b.eps
1676	/Universidad/Doctorado/unswthesis/Fig_Kap3/fig2b.eps	//tesis/unswthesis/Fig_Kap3/fig2b.eps
1676	/Universidad/Doctorado/unswthesis/Fig_Kap3/fig2b.eps	//tesis/TesisMScyPhD_en_LATEX/Kap3/Fig_Kap3/fig2b.eps
1676	/Universidad/Doctorado/unswthesis/Fig_Kap3/fig2b.eps	//revised/fig2b.eps
1624	/thesis2_copy/images/chapter2/css.eps	//Phd/thesis2/images/chapter2/css.eps
1624	/thesis2_copy/images/chapter2/css.eps	//Phd/thesis2 copy/images/chapter2/css.eps
1624	/Universidad/Doctorado/TesismscyPhD_en_LyX/Kap4/Fig_kap4/css.eps	//Phd/thesis2/images/chapter2/css.eps
1624	/Universidad/Doctorado/TesismscyPhD_en_LyX/Kap4/Fig_kap4/css.eps	//Phd/thesis2 copy/images/chapter2/css.eps
1572	/thesis2_copy/images/chapter1/fig4.eps	//Phd/thesis2/images/chapter1/fig4.eps
1572	/thesis2_copy/images/chapter1/fig4.eps	//Phd/thesis2 copy/images/chapter1/fig4.eps
1488	/thesis2_copy/images/chapter2/Submitted_FIG4.eps	//Phd/thesis2/images/chapter2/Submitted_FIG4.eps
1488	/thesis2_copy/images/chapter2/Submitted_FIG4.eps	//Phd/thesis2 copy/images/chapter2/Submitted_FIG4.eps
1452	/Universidad/Doctorado/TesismscyPhD_en_LyX/Kap3/Fig_Kap3/ppHMBC2.svg	//poster/scf2013/images2013_2/ppHMBC2.svg
1416	/lasalle/informe_castillo/anexo9.pdf	//la_salle/informe1/anexo10.pdf
1416	/lasalle/informe_castillo/anexo9.pdf	//la_salle/informe1 2/anexo10.pdf
1412	/thesis2_copy/images/chapter3/PaperAssignerFigure4.eps	//Phd/thesis2/images/chapter3/PaperAssignerFigure4.eps
1412	/thesis2_copy/images/chapter3/PaperAssignerFigure4.eps	//Phd/thesis2 copy/images/chapter3/PaperAssignerFigure4.eps
1380	/Universidad/Doctorado/TesismscyPhD_en_LyX/Kap3/Fig_Kap3/h1example.svg	//poster/scf2013/images2013_2/h1example.svg
1356	/javascript-books/You Don't Know JS_ Async & Performance.pdf	//humboldt-script/_tests_/testData/A/javascript-books/You Don't Know JS_ Async & Performance.pdf
1316	/revised/fig5d.eps	//tesis/unswthesis/Fig_Kap3/fig5d.eps
1316	/revised/fig5d.eps	//tesis/TesisMScyPhD_en_LATEX/Kap3/Fig_Kap3/fig5d.eps
1316	/revised/fig5d.eps	//revised/fig5d.eps
1316	/Universidad/tesis/unswthesis/Fig_Kap3/fig5d.eps	//tesis/unswthesis/Fig_Kap3/fig5d.eps
1316	/Universidad/tesis/unswthesis/Fig_Kap3/fig5d.eps	//tesis/TesisMScyPhD_en_LATEX/Kap3/Fig_Kap3/fig5d.eps
1316	/Universidad/tesis/unswthesis/Fig_Kap3/fig5d.eps	//revised/fig5d.eps
1316	/Universidad/Doctorado/unswthesis/Fig_Kap3/fig5d.eps	//tesis/unswthesis/Fig_Kap3/fig5d.eps
1316	/Universidad/Doctorado/unswthesis/Fig_Kap3/fig5d.eps	//tesis/TesisMScyPhD_en_LATEX/Kap3/Fig_Kap3/fig5d.eps
1316	/Universidad/Doctorado/unswthesis/Fig_Kap3/fig5d.eps	//revised/fig5d.eps
1300	/revised/fig8.eps	//toBeRevised/fig7.eps
1300	/revised/fig8.eps	//tesis/unswthesis/Fig_Kap3/fig8.eps
1300	/revised/fig8.eps	//tesis/TesisMScyPhD_en_LATEX/Kap3/Fig_Kap3/fig8.eps
1300	/revised/fig8.eps	//revised/fig8.eps
1300	/Universidad/tesis/unswthesis/Fig_Kap3/fig8.eps	//toBeRevised/fig7.eps
1300	/Universidad/tesis/unswthesis/Fig_Kap3/fig8.eps	//tesis/unswthesis/Fig_Kap3/fig8.eps
1300	/Universidad/tesis/unswthesis/Fig_Kap3/fig8.eps	//tesis/TesisMScyPhD_en_LATEX/Kap3/Fig_Kap3/fig8.eps
1300	/Universidad/tesis/unswthesis/Fig_Kap3/fig8.eps	//revised/fig8.eps
1300	/Universidad/Doctorado/unswthesis/Fig_Kap3/fig8.eps	//toBeRevised/fig7.eps
1300	/Universidad/Doctorado/unswthesis/Fig_Kap3/fig8.eps	//tesis/unswthesis/Fig_Kap3/fig8.eps
1300	/Universidad/Doctorado/unswthesis/Fig_Kap3/fig8.eps	//tesis/TesisMScyPhD_en_LATEX/Kap3/Fig_Kap3/fig8.eps
1300	/Universidad/Doctorado/unswthesis/Fig_Kap3/fig8.eps	//revised/fig8.eps
1296	/Universidad/tesis/unswthesis/Fig_Kap4/joint_kernel_img.eps	//tesis/TesisMScyPhD_en_LATEX/Kap4/Fig_Kap4/joint_kernel_img.eps
1296	/Universidad/tesis/unswthesis/Fig_Kap4/joint_kernel_img.eps	//presentacion/images/joint_kernel_img.eps
1272	/revised/fig1b.eps	//toBeRevised/fig1b.eps
1272	/revised/fig1b.eps	//tesis/unswthesis/Fig_Kap3/fig1b.eps
1272	/revised/fig1b.eps	//tesis/TesisMScyPhD_en_LATEX/Kap3/Fig_Kap3/fig1b.eps
1272	/revised/fig1b.eps	//revised/fig1b.eps
1272	/Universidad/tesis/unswthesis/Fig_Kap3/fig1b.eps	//toBeRevised/fig1b.eps
1272	/Universidad/tesis/unswthesis/Fig_Kap3/fig1b.eps	//tesis/unswthesis/Fig_Kap3/fig1b.eps
1272	/Universidad/tesis/unswthesis/Fig_Kap3/fig1b.eps	//tesis/TesisMScyPhD_en_LATEX/Kap3/Fig_Kap3/fig1b.eps
1272	/Universidad/tesis/unswthesis/Fig_Kap3/fig1b.eps	//revised/fig1b.eps
1272	/Universidad/Doctorado/unswthesis/Fig_Kap3/fig1b.eps	//toBeRevised/fig1b.eps
1272	/Universidad/Doctorado/unswthesis/Fig_Kap3/fig1b.eps	//tesis/unswthesis/Fig_Kap3/fig1b.eps
1272	/Universidad/Doctorado/unswthesis/Fig_Kap3/fig1b.eps	//tesis/TesisMScyPhD_en_LATEX/Kap3/Fig_Kap3/fig1b.eps
1272	/Universidad/Doctorado/unswthesis/Fig_Kap3/fig1b.eps	//revised/fig1b.eps
1220	/thesis2_copy/images/chapter2/Figure1.eps	//Phd/thesis2/images/chapter2/Figure1.eps
1220	/thesis2_copy/images/chapter2/Figure1.eps	//Phd/thesis2 copy/images/chapter2/Figure1.eps
1220	/Universidad/Doctorado/TesismscyPhD_en_LyX/Kap4/Fig_kap4/Figure1.eps	//Phd/thesis2/images/chapter2/Figure1.eps
1220	/Universidad/Doctorado/TesismscyPhD_en_LyX/Kap4/Fig_kap4/Figure1.eps	//Phd/thesis2 copy/images/chapter2/Figure1.eps
1208	/personal/a_general_13C_prediction-	//a_general_13C_prediction.pdf
1208	/articulos/a_general_13C_predictor.pdf	//a_general_13C_prediction.pdf
1164	/revised/fig9.eps	//toBeRevised/fig8.eps
1164	/revised/fig9.eps	//tesis/unswthesis/Fig_Kap3/fig9.eps
1164	/revised/fig9.eps	//tesis/TesisMScyPhD_en_LATEX/Kap3/Fig_Kap3/fig9.eps
1164	/revised/fig9.eps	//revised/fig9.eps
1164	/revised/fig9.eps	//presentacion/images/fig9.eps
1164	/Universidad/tesis/unswthesis/Fig_Kap3/fig9.eps	//toBeRevised/fig8.eps
1164	/Universidad/tesis/unswthesis/Fig_Kap3/fig9.eps	//tesis/unswthesis/Fig_Kap3/fig9.eps
1164	/Universidad/tesis/unswthesis/Fig_Kap3/fig9.eps	//tesis/TesisMScyPhD_en_LATEX/Kap3/Fig_Kap3/fig9.eps
1164	/Universidad/tesis/unswthesis/Fig_Kap3/fig9.eps	//revised/fig9.eps
1164	/Universidad/tesis/unswthesis/Fig_Kap3/fig9.eps	//presentacion/images/fig9.eps
1164	/Universidad/Doctorado/unswthesis/Fig_Kap3/fig9.eps	//toBeRevised/fig8.eps
1164	/Universidad/Doctorado/unswthesis/Fig_Kap3/fig9.eps	//tesis/unswthesis/Fig_Kap3/fig9.eps
1164	/Universidad/Doctorado/unswthesis/Fig_Kap3/fig9.eps	//tesis/TesisMScyPhD_en_LATEX/Kap3/Fig_Kap3/fig9.eps
1164	/Universidad/Doctorado/unswthesis/Fig_Kap3/fig9.eps	//revised/fig9.eps
1164	/Universidad/Doctorado/unswthesis/Fig_Kap3/fig9.eps	//presentacion/images/fig9.eps
1140	/revised/fig3b.eps	//tesis/unswthesis/Fig_Kap3/fig3b.eps
1140	/revised/fig3b.eps	//tesis/TesisMScyPhD_en_LATEX/Kap3/Fig_Kap3/fig3b.eps
1140	/revised/fig3b.eps	//revised/fig3b.eps
1140	/revised/fig3b.eps	//presentacion/images/fig3b.eps
1140	/Universidad/tesis/unswthesis/Fig_Kap3/fig3b.eps	//tesis/unswthesis/Fig_Kap3/fig3b.eps
1140	/Universidad/tesis/unswthesis/Fig_Kap3/fig3b.eps	//tesis/TesisMScyPhD_en_LATEX/Kap3/Fig_Kap3/fig3b.eps
1140	/Universidad/tesis/unswthesis/Fig_Kap3/fig3b.eps	//revised/fig3b.eps
1140	/Universidad/tesis/unswthesis/Fig_Kap3/fig3b.eps	//presentacion/images/fig3b.eps
1140	/Universidad/Doctorado/unswthesis/Fig_Kap3/fig3b.eps	//tesis/unswthesis/Fig_Kap3/fig3b.eps
1140	/Universidad/Doctorado/unswthesis/Fig_Kap3/fig3b.eps	//tesis/TesisMScyPhD_en_LATEX/Kap3/Fig_Kap3/fig3b.eps
1140	/Universidad/Doctorado/unswthesis/Fig_Kap3/fig3b.eps	//revised/fig3b.eps
1140	/Universidad/Doctorado/unswthesis/Fig_Kap3/fig3b.eps	//presentacion/images/fig3b.eps
1128	/thesis2_copy/images/chapter1/fig3.eps	//Phd/thesis2/images/chapter1/fig3.eps
1128	/thesis2_copy/images/chapter1/fig3.eps	//Phd/thesis2 copy/images/chapter1/fig3.eps
1116	/Universidad/Doctorado/TesismscyPhD_en_LyX/Kap3/Fig_Kap3/h1.svg	//poster/scf2013/images2013_2/h1.svg
1104	/acta_MAURICIO_CASTILLO.pdf	//papeles_andres/acta_MAURICIO_CASTILLO.pdf
984	/thesis2_copy/images/chapter3/XPaperAssignerFigure1.eps	//Phd/thesis2/images/chapter3/XPaperAssignerFigure1.eps
984	/thesis2_copy/images/chapter3/XPaperAssignerFigure1.eps	//Phd/thesis2 copy/images/chapter3/XPaperAssignerFigure1.eps
984	/thesis2_copy/images/chapter3/PaperAssignerFigure2New.eps	//Phd/thesis2/images/chapter3/PaperAssignerFigure2New.eps
984	/thesis2_copy/images/chapter3/PaperAssignerFigure2New.eps	//Phd/thesis2 copy/images/chapter3/PaperAssignerFigure2New.eps
944	/thesis2_copy/images/chapter2/Submitted_FIG3.eps	//Phd/thesis2/images/chapter2/Submitted_FIG3.eps
944	/thesis2_copy/images/chapter2/Submitted_FIG3.eps	//Phd/thesis2 copy/images/chapter2/Submitted_FIG3.eps
876	/thesis2_copy/images/chapter3/PaperAssignerFigure6.eps	//Phd/thesis2/images/chapter3/PaperAssignerFigure6.eps
876	/thesis2_copy/images/chapter3/PaperAssignerFigure6.eps	//Phd/thesis2 copy/images/chapter3/PaperAssignerFigure6.eps
864	/Universidad/Doctorado/TesismscyPhD_en_LyX/Kap3/Fig_Kap3/example/hmbcPP.svg	//poster/scf2013/images2013_2/example/hmbcPP.svg
828	/revised/graphical-abstract.eps	//revised/graphical-abstract.eps
796	/thesis2_copy/images/chapter2/Submitted_FIG2.eps	//Phd/thesis2/images/chapter2/Submitted_FIG2.eps
796	/thesis2_copy/images/chapter2/Submitted_FIG2.eps	//Phd/thesis2 copy/images/chapter2/Submitted_FIG2.eps
776	/acta_sustentacion_doctorado.pdf	//2andres/acta_sustentacion_doctorado.pdf
752	/revised/fig4.eps	//revised/fig4.eps
748	/similarity.pdf	//papeles_andres/soportes/Anexo_13_papers/Castillo_et_al-2013.pdf
748	/similarity.pdf	//papeles_andres/papers/Castillo_et_al-2013.pdf
740	/thesis2_copy/images/unal.eps	//Phd/thesis2/images/unal.eps
740	/thesis2_copy/images/unal.eps	//Phd/thesis2 copy/images/unal.eps
740	/thesis2_copy/images/unal.eps	//Phd/proposal/images/unal.eps
740	/thesis2_copy/images/mentholcosyhsqc.eps	//proposal/images/mentholcosyhsqc.eps
740	/thesis2_copy/images/mentholcosyhsqc.eps	//Phd/thesis2/images/mentholcosyhsqc.eps
740	/thesis2_copy/images/mentholcosyhsqc.eps	//Phd/thesis2 copy/images/mentholcosyhsqc.eps
740	/thesis2_copy/images/mentholcosyhsqc.eps	//Phd/proposal/images/mentholcosyhsqc.eps
740	/Universidad/Doctorado/proposal/images/unal.eps	//Phd/thesis2/images/unal.eps
740	/Universidad/Doctorado/proposal/images/unal.eps	//Phd/thesis2 copy/images/unal.eps
740	/Universidad/Doctorado/proposal/images/unal.eps	//Phd/proposal/images/unal.eps
740	/Universidad/Doctorado/proposal/images/mentholcosyhsqc.eps	//proposal/images/mentholcosyhsqc.eps
740	/Universidad/Doctorado/proposal/images/mentholcosyhsqc.eps	//Phd/thesis2/images/mentholcosyhsqc.eps
740	/Universidad/Doctorado/proposal/images/mentholcosyhsqc.eps	//Phd/thesis2 copy/images/mentholcosyhsqc.eps
740	/Universidad/Doctorado/proposal/images/mentholcosyhsqc.eps	//Phd/proposal/images/mentholcosyhsqc.eps
740	/Universidad/Doctorado/TesismscyPhD_en_LyX/Kap2/Fig_Kap2/mentholcosyhsqc.eps	//proposal/images/mentholcosyhsqc.eps
740	/Universidad/Doctorado/TesismscyPhD_en_LyX/Kap2/Fig_Kap2/mentholcosyhsqc.eps	//Phd/thesis2/images/mentholcosyhsqc.eps
740	/Universidad/Doctorado/TesismscyPhD_en_LyX/Kap2/Fig_Kap2/mentholcosyhsqc.eps	//Phd/thesis2 copy/images/mentholcosyhsqc.eps
740	/Universidad/Doctorado/TesismscyPhD_en_LyX/Kap2/Fig_Kap2/mentholcosyhsqc.eps	//Phd/proposal/images/mentholcosyhsqc.eps
724	/thesis2_copy/images/chapter3/PaperAssignerFigure1.eps	//Phd/thesis2/images/chapter3/PaperAssignerFigure1.eps
724	/thesis2_copy/images/chapter3/PaperAssignerFigure1.eps	//Phd/thesis2 copy/images/chapter3/PaperAssignerFigure1.eps
712	/thesis2_copy/images/chapter2/Submitted_FIG5.eps	//Phd/thesis2/images/chapter2/Submitted_FIG5.eps
712	/thesis2_copy/images/chapter2/Submitted_FIG5.eps	//Phd/thesis2 copy/images/chapter2/Submitted_FIG5.eps
700	/revised/fig7.eps	//revised/fig7.eps
684	/Universidad/tesis/unswthesis/tesisLatex/es.zip	//tesis/unswthesis/tesisLatex/es.zip
684	/Universidad/tesis/unswthesis/tesisLatex/es.zip	//tesis/TesisMScyPhD_en_LATEX/es.zip
684	/Universidad/Doctorado/unswthesis/tesisLatex/es.zip	//tesis/unswthesis/tesisLatex/es.zip
684	/Universidad/Doctorado/unswthesis/tesisLatex/es.zip	//tesis/TesisMScyPhD_en_LATEX/es.zip
684	/Universidad/Doctorado/TesismscyPhD_en_LyX/es.zip	//tesis/unswthesis/tesisLatex/es.zip
684	/Universidad/Doctorado/TesismscyPhD_en_LyX/es.zip	//tesis/TesisMScyPhD_en_LATEX/es.zip
676	/thesis2_copy/images/chapter2/Submitted_FIG1.eps	//Phd/thesis2/images/chapter2/Submitted_FIG1.eps
676	/thesis2_copy/images/chapter2/Submitted_FIG1.eps	//Phd/thesis2 copy/images/chapter2/Submitted_FIG1.eps
640	/Universidad/Doctorado/TesismscyPhD_en_LyX/Kap3/Fig_Kap3/ppHSQC.svg	//poster/scf2013/images2013_2/ppHSQC.svg
636	/thesis2_copy/images/chapter3/PaperAssignerFigure3.eps	//Phd/thesis2/images/chapter3/PaperAssignerFigure3.eps
636	/thesis2_copy/images/chapter3/PaperAssignerFigure3.eps	//Phd/thesis2 copy/images/chapter3/PaperAssignerFigure3.eps
572	/scriptingGIT/similarity/src/ext-lib/colt.jar	//tesis/similarity/colt.jar
572	/scriptingGIT/similarity/bin/ext-lib/colt.jar	//tesis/similarity/colt.jar
572	/scriptingGIT/library/lib/colt.jar	//tesis/similarity/colt.jar
572	/laSalleWS/library/lib/colt.jar	//tesis/similarity/colt.jar
540	/Universidad/tesis/unswthesis/Fig_Kap5_removed/joint_kernel.png	//tesis/unswthesis/Fig_Kap5/joint_kernel.png
540	/Universidad/tesis/unswthesis/Fig_Kap5_removed/joint_kernel.png	//tesis/similarity/joint_kernel.png
540	/Universidad/Doctorado/unswthesis/Fig_Kap5/joint_kernel.png	//tesis/unswthesis/Fig_Kap5/joint_kernel.png
540	/Universidad/Doctorado/unswthesis/Fig_Kap5/joint_kernel.png	//tesis/similarity/joint_kernel.png
532	/thesis2_copy/images/chapter5/fig4.png	//Phd/thesis2/images/chapter5/old/fig4.png
532	/thesis2_copy/images/chapter5/fig4.png	//Phd/thesis2 copy/images/chapter5/fig4.png
524	/Universidad/tesis/unswthesis/Fig_Kap4/arbol_espec.pdf	//tesis/unswthesis/Fig_Kap4/arbol_espec.pdf
524	/Universidad/tesis/unswthesis/Fig_Kap4/arbol_espec.pdf	//tesis/TesisMScyPhD_en_LATEX/Kap4/Fig_Kap4/arbol_espec.pdf
524	/Universidad/Doctorado/unswthesis/Fig_Kap4/arbol_espec.pdf	//tesis/unswthesis/Fig_Kap4/arbol_espec.pdf
524	/Universidad/Doctorado/unswthesis/Fig_Kap4/arbol_espec.pdf	//tesis/TesisMScyPhD_en_LATEX/Kap4/Fig_Kap4/arbol_espec.pdf
512	/thesis2_copy/images/EscudoUN.eps	//tesis/unswthesis/HojaTitulo/EscudoUN.eps
512	/thesis2_copy/images/EscudoUN.eps	//tesis/TesisMScyPhD_en_LATEX/HojaTitulo/EscudoUN.eps
512	/thesis2_copy/images/EscudoUN.eps	//Phd/thesis2/images/EscudoUN.eps
512	/thesis2_copy/images/EscudoUN.eps	//Phd/thesis2/HojaTitulo/EscudoUN.eps
512	/thesis2_copy/images/EscudoUN.eps	//Phd/thesis2 copy/images/EscudoUN.eps
512	/thesis2_copy/images/EscudoUN.eps	//Phd/thesis2 copy/HojaTitulo/EscudoUN.eps
512	/thesis2_copy/images/EscudoUN.eps	//Phd/proposal/images/EscudoUN.eps
512	/thesis2_copy/HojaTitulo/EscudoUN.eps	//tesis/unswthesis/HojaTitulo/EscudoUN.eps
512	/thesis2_copy/HojaTitulo/EscudoUN.eps	//tesis/TesisMScyPhD_en_LATEX/HojaTitulo/EscudoUN.eps
512	/thesis2_copy/HojaTitulo/EscudoUN.eps	//Phd/thesis2/images/EscudoUN.eps
512	/thesis2_copy/HojaTitulo/EscudoUN.eps	//Phd/thesis2/HojaTitulo/EscudoUN.eps
512	/thesis2_copy/HojaTitulo/EscudoUN.eps	//Phd/thesis2 copy/images/EscudoUN.eps
512	/thesis2_copy/HojaTitulo/EscudoUN.eps	//Phd/thesis2 copy/HojaTitulo/EscudoUN.eps
512	/thesis2_copy/HojaTitulo/EscudoUN.eps	//Phd/proposal/images/EscudoUN.eps
512	/documentos/EscudoUN.eps	//tesis/unswthesis/HojaTitulo/EscudoUN.eps
512	/documentos/EscudoUN.eps	//tesis/TesisMScyPhD_en_LATEX/HojaTitulo/EscudoUN.eps
512	/documentos/EscudoUN.eps	//Phd/thesis2/images/EscudoUN.eps
512	/documentos/EscudoUN.eps	//Phd/thesis2/HojaTitulo/EscudoUN.eps
512	/documentos/EscudoUN.eps	//Phd/thesis2 copy/images/EscudoUN.eps
512	/documentos/EscudoUN.eps	//Phd/thesis2 copy/HojaTitulo/EscudoUN.eps
512	/documentos/EscudoUN.eps	//Phd/proposal/images/EscudoUN.eps
512	/Universidad/tesis/unswthesis/HojaTitulo/EscudoUN.eps	//tesis/unswthesis/HojaTitulo/EscudoUN.eps
512	/Universidad/tesis/unswthesis/HojaTitulo/EscudoUN.eps	//tesis/TesisMScyPhD_en_LATEX/HojaTitulo/EscudoUN.eps
512	/Universidad/tesis/unswthesis/HojaTitulo/EscudoUN.eps	//Phd/thesis2/images/EscudoUN.eps
512	/Universidad/tesis/unswthesis/HojaTitulo/EscudoUN.eps	//Phd/thesis2/HojaTitulo/EscudoUN.eps
512	/Universidad/tesis/unswthesis/HojaTitulo/EscudoUN.eps	//Phd/thesis2 copy/images/EscudoUN.eps
512	/Universidad/tesis/unswthesis/HojaTitulo/EscudoUN.eps	//Phd/thesis2 copy/HojaTitulo/EscudoUN.eps
512	/Universidad/tesis/unswthesis/HojaTitulo/EscudoUN.eps	//Phd/proposal/images/EscudoUN.eps
512	/Universidad/Doctorado/unswthesis/tesisLatex/HojaTitulo/EscudoUN.eps	//tesis/unswthesis/HojaTitulo/EscudoUN.eps
512	/Universidad/Doctorado/unswthesis/tesisLatex/HojaTitulo/EscudoUN.eps	//tesis/TesisMScyPhD_en_LATEX/HojaTitulo/EscudoUN.eps
512	/Universidad/Doctorado/unswthesis/tesisLatex/HojaTitulo/EscudoUN.eps	//Phd/thesis2/images/EscudoUN.eps
512	/Universidad/Doctorado/unswthesis/tesisLatex/HojaTitulo/EscudoUN.eps	//Phd/thesis2/HojaTitulo/EscudoUN.eps
512	/Universidad/Doctorado/unswthesis/tesisLatex/HojaTitulo/EscudoUN.eps	//Phd/thesis2 copy/images/EscudoUN.eps
512	/Universidad/Doctorado/unswthesis/tesisLatex/HojaTitulo/EscudoUN.eps	//Phd/thesis2 copy/HojaTitulo/EscudoUN.eps
512	/Universidad/Doctorado/unswthesis/tesisLatex/HojaTitulo/EscudoUN.eps	//Phd/proposal/images/EscudoUN.eps
512	/Universidad/Doctorado/unswthesis/HojaTitulo/EscudoUN.eps	//tesis/unswthesis/HojaTitulo/EscudoUN.eps
512	/Universidad/Doctorado/unswthesis/HojaTitulo/EscudoUN.eps	//tesis/TesisMScyPhD_en_LATEX/HojaTitulo/EscudoUN.eps
512	/Universidad/Doctorado/unswthesis/HojaTitulo/EscudoUN.eps	//Phd/thesis2/images/EscudoUN.eps
512	/Universidad/Doctorado/unswthesis/HojaTitulo/EscudoUN.eps	//Phd/thesis2/HojaTitulo/EscudoUN.eps
512	/Universidad/Doctorado/unswthesis/HojaTitulo/EscudoUN.eps	//Phd/thesis2 copy/images/EscudoUN.eps
512	/Universidad/Doctorado/unswthesis/HojaTitulo/EscudoUN.eps	//Phd/thesis2 copy/HojaTitulo/EscudoUN.eps
512	/Universidad/Doctorado/unswthesis/HojaTitulo/EscudoUN.eps	//Phd/proposal/images/EscudoUN.eps
512	/Universidad/Doctorado/proposal/images/EscudoUN.eps	//tesis/unswthesis/HojaTitulo/EscudoUN.eps
512	/Universidad/Doctorado/proposal/images/EscudoUN.eps	//tesis/TesisMScyPhD_en_LATEX/HojaTitulo/EscudoUN.eps
512	/Universidad/Doctorado/proposal/images/EscudoUN.eps	//Phd/thesis2/images/EscudoUN.eps
512	/Universidad/Doctorado/proposal/images/EscudoUN.eps	//Phd/thesis2/HojaTitulo/EscudoUN.eps
512	/Universidad/Doctorado/proposal/images/EscudoUN.eps	//Phd/thesis2 copy/images/EscudoUN.eps
512	/Universidad/Doctorado/proposal/images/EscudoUN.eps	//Phd/thesis2 copy/HojaTitulo/EscudoUN.eps
512	/Universidad/Doctorado/proposal/images/EscudoUN.eps	//Phd/proposal/images/EscudoUN.eps
492	/thesis2_copy/images/chapter1/fig4.png	//Phd/thesis2/images/chapter1/fig4.png
492	/thesis2_copy/images/chapter1/fig4.png	//Phd/thesis2 copy/images/chapter1/fig4.png
444	/Universidad/Doctorado/TesismscyPhD_en_LyX/Kap3/Fig_Kap3/ppCOSY2.svg	//poster/scf2013/images2013_2/ppCOSY2.svg
432	/thesis2_copy/images/chapter3/ga_assigner.eps	//Phd/thesis2/images/chapter3/ga_assigner.eps
432	/thesis2_copy/images/chapter3/ga_assigner.eps	//Phd/thesis2 copy/images/chapter3/ga_assigner.eps
392	/thesis2_copy/images/chapter5/fig2.svg	//Phd/thesis2/images/chapter5/old/fig2.svg
392	/thesis2_copy/images/chapter5/fig2.svg	//Phd/thesis2 copy/images/chapter5/fig2.svg
388	/thesis2_copy/images/chapter3/PaperAssignerFigure2.eps	//Phd/thesis2/images/chapter3/PaperAssignerFigure2.eps
388	/thesis2_copy/images/chapter3/PaperAssignerFigure2.eps	//Phd/thesis2 copy/images/chapter3/PaperAssignerFigure2.eps
380	/thesis2_copy/images/chapter5/fig2_small.svg	//Phd/thesis2/images/chapter5/old/fig2_small.svg
380	/thesis2_copy/images/chapter5/fig2_small.svg	//Phd/thesis2 copy/images/chapter5/fig2_small.svg
380	/Universidad/Doctorado/propuesta_doctorado.pdf	//papeles_andres/propuesta_doctorado.pdf
360	/thesis2_copy/images/chapter3/PaperAssignerFigure5.eps	//Phd/thesis2/images/chapter3/PaperAssignerFigure5.eps
360	/thesis2_copy/images/chapter3/PaperAssignerFigure5.eps	//Phd/thesis2 copy/images/chapter3/PaperAssignerFigure5.eps
360	/rit.pdf	//papeles_andres/CV_RIT.pdf
320	/thesis2_copy/images/chapter5/fig2.eps	//Phd/thesis2/images/chapter5/old/fig2.eps
320	/thesis2_copy/images/chapter5/fig2.eps	//Phd/thesis2 copy/images/chapter5/fig2.eps
316	/thesis2_copy/images/jcouplings.eps	//proposal/images/jcouplings.eps
316	/thesis2_copy/images/jcouplings.eps	//Phd/thesis2/images/jcouplings.eps
316	/thesis2_copy/images/jcouplings.eps	//Phd/thesis2 copy/images/jcouplings.eps
316	/thesis2_copy/images/jcouplings.eps	//Phd/proposal/images/jcouplings.eps
316	/Universidad/Doctorado/proposal/images/jcouplings.eps	//proposal/images/jcouplings.eps
316	/Universidad/Doctorado/proposal/images/jcouplings.eps	//Phd/thesis2/images/jcouplings.eps
316	/Universidad/Doctorado/proposal/images/jcouplings.eps	//Phd/thesis2 copy/images/jcouplings.eps
316	/Universidad/Doctorado/proposal/images/jcouplings.eps	//Phd/proposal/images/jcouplings.eps
316	/Universidad/Doctorado/TesismscyPhD_en_LyX/Kap2/Fig_Kap2/jcouplings.eps	//proposal/images/jcouplings.eps
316	/Universidad/Doctorado/TesismscyPhD_en_LyX/Kap2/Fig_Kap2/jcouplings.eps	//Phd/thesis2/images/jcouplings.eps
316	/Universidad/Doctorado/TesismscyPhD_en_LyX/Kap2/Fig_Kap2/jcouplings.eps	//Phd/thesis2 copy/images/jcouplings.eps
316	/Universidad/Doctorado/TesismscyPhD_en_LyX/Kap2/Fig_Kap2/jcouplings.eps	//Phd/proposal/images/jcouplings.eps
304	/Universidad/tesis/unswthesis/Fig_Kap4/2d_grids_fig2.pdf	//tesis/unswthesis/Fig_Kap4/2d_grids_fig2.pdf
304	/Universidad/tesis/unswthesis/Fig_Kap4/2d_grids_fig2.pdf	//tesis/TesisMScyPhD_en_LATEX/Kap4/Fig_Kap4/2d_grids_fig2.pdf
304	/Universidad/Doctorado/unswthesis/Fig_Kap4/2d_grids_fig2.pdf	//tesis/unswthesis/Fig_Kap4/2d_grids_fig2.pdf
304	/Universidad/Doctorado/unswthesis/Fig_Kap4/2d_grids_fig2.pdf	//tesis/TesisMScyPhD_en_LATEX/Kap4/Fig_Kap4/2d_grids_fig2.pdf
300	/thesis2_copy/HojaTitulo/EscudoUN.jpg	//tesis/unswthesis/HojaTitulo/EscudoUN.jpg
300	/thesis2_copy/HojaTitulo/EscudoUN.jpg	//tesis/TesisMScyPhD_en_LATEX/HojaTitulo/EscudoUN_HD.jpg
300	/thesis2_copy/HojaTitulo/EscudoUN.jpg	//Phd/thesis2/HojaTitulo/EscudoUN.jpg
300	/thesis2_copy/HojaTitulo/EscudoUN.jpg	//Phd/thesis2 copy/HojaTitulo/EscudoUN.jpg
300	/Universidad/tesis/unswthesis/HojaTitulo/EscudoUN.jpg	//tesis/unswthesis/HojaTitulo/EscudoUN.jpg
300	/Universidad/tesis/unswthesis/HojaTitulo/EscudoUN.jpg	//tesis/TesisMScyPhD_en_LATEX/HojaTitulo/EscudoUN_HD.jpg
300	/Universidad/tesis/unswthesis/HojaTitulo/EscudoUN.jpg	//Phd/thesis2/HojaTitulo/EscudoUN.jpg
300	/Universidad/tesis/unswthesis/HojaTitulo/EscudoUN.jpg	//Phd/thesis2 copy/HojaTitulo/EscudoUN.jpg
300	/Universidad/Doctorado/unswthesis/tesisLatex/HojaTitulo/EscudoUN.jpg	//tesis/unswthesis/HojaTitulo/EscudoUN.jpg
300	/Universidad/Doctorado/unswthesis/tesisLatex/HojaTitulo/EscudoUN.jpg	//tesis/TesisMScyPhD_en_LATEX/HojaTitulo/EscudoUN_HD.jpg
300	/Universidad/Doctorado/unswthesis/tesisLatex/HojaTitulo/EscudoUN.jpg	//Phd/thesis2/HojaTitulo/EscudoUN.jpg
300	/Universidad/Doctorado/unswthesis/tesisLatex/HojaTitulo/EscudoUN.jpg	//Phd/thesis2 copy/HojaTitulo/EscudoUN.jpg
300	/Universidad/Doctorado/unswthesis/HojaTitulo/EscudoUN.jpg	//tesis/unswthesis/HojaTitulo/EscudoUN.jpg
300	/Universidad/Doctorado/unswthesis/HojaTitulo/EscudoUN.jpg	//tesis/TesisMScyPhD_en_LATEX/HojaTitulo/EscudoUN_HD.jpg
300	/Universidad/Doctorado/unswthesis/HojaTitulo/EscudoUN.jpg	//Phd/thesis2/HojaTitulo/EscudoUN.jpg
300	/Universidad/Doctorado/unswthesis/HojaTitulo/EscudoUN.jpg	//Phd/thesis2 copy/HojaTitulo/EscudoUN.jpg
296	/ethylbenzene/Icon	//2andres/smash2014/Icon
296	/Arduino/Icon	//2andres/smash2014/Icon
272	/thesis2_copy/images/molexample.eps	//proposal/images/molexample.eps
272	/thesis2_copy/images/molexample.eps	//Phd/thesis2/images/molexample.eps
272	/thesis2_copy/images/molexample.eps	//Phd/thesis2 copy/images/molexample.eps
272	/thesis2_copy/images/molexample.eps	//Phd/proposal/images/molexample.eps
272	/personal/estado_del_arte.pdf	//papeles_andres/personal/estado_del_arte.pdf
268	/thesis2_copy/unswcrest.pdf	//tesis/unswthesis/unswcrest.pdf
268	/thesis2_copy/unswcrest.pdf	//presentacion/institution-logo-filename.pdf
268	/thesis2_copy/unswcrest.pdf	//Phd/thesis2/unswcrest.pdf
268	/thesis2_copy/unswcrest.pdf	//Phd/thesis2 copy/unswcrest.pdf
268	/thesis2_copy/images/chapter1/fig1.png	//Phd/thesis2/images/chapter1/fig1.png
268	/thesis2_copy/images/chapter1/fig1.png	//Phd/thesis2 copy/images/chapter1/fig1.png
268	/lyx/unal.pdf	//tesis/unswthesis/unswcrest.pdf
268	/lyx/unal.pdf	//presentacion/institution-logo-filename.pdf
268	/lyx/unal.pdf	//Phd/thesis2/unswcrest.pdf
268	/lyx/unal.pdf	//Phd/thesis2 copy/unswcrest.pdf
268	/Universidad/tesis/unswthesis/unswcrest.pdf	//tesis/unswthesis/unswcrest.pdf
268	/Universidad/tesis/unswthesis/unswcrest.pdf	//presentacion/institution-logo-filename.pdf
268	/Universidad/tesis/unswthesis/unswcrest.pdf	//Phd/thesis2/unswcrest.pdf
268	/Universidad/tesis/unswthesis/unswcrest.pdf	//Phd/thesis2 copy/unswcrest.pdf
268	/Universidad/tesis/unswthesis (copy)/unswcrest.pdf	//tesis/unswthesis/unswcrest.pdf
268	/Universidad/tesis/unswthesis (copy)/unswcrest.pdf	//presentacion/institution-logo-filename.pdf
268	/Universidad/tesis/unswthesis (copy)/unswcrest.pdf	//Phd/thesis2/unswcrest.pdf
268	/Universidad/tesis/unswthesis (copy)/unswcrest.pdf	//Phd/thesis2 copy/unswcrest.pdf
268	/Universidad/Doctorado/unswthesis/unswcrest.pdf	//tesis/unswthesis/unswcrest.pdf
268	/Universidad/Doctorado/unswthesis/unswcrest.pdf	//presentacion/institution-logo-filename.pdf
268	/Universidad/Doctorado/unswthesis/unswcrest.pdf	//Phd/thesis2/unswcrest.pdf
268	/Universidad/Doctorado/unswthesis/unswcrest.pdf	//Phd/thesis2 copy/unswcrest.pdf
264	/Universidad/tesis/unswthesis/Fig_Kap4/artificial_error.eps	//tesis/unswthesis/Fig_Kap4/artificial_error.eps
264	/Universidad/tesis/unswthesis/Fig_Kap4/artificial_error.eps	//tesis/similarity/artificial_error.eps
264	/Universidad/tesis/unswthesis/Fig_Kap4/artificial_error.eps	//tesis/TesisMScyPhD_en_LATEX/Kap4/Fig_Kap4/artificial_error.eps
264	/Universidad/Doctorado/unswthesis/Fig_Kap4/artificial_error.eps	//tesis/unswthesis/Fig_Kap4/artificial_error.eps
264	/Universidad/Doctorado/unswthesis/Fig_Kap4/artificial_error.eps	//tesis/similarity/artificial_error.eps
264	/Universidad/Doctorado/unswthesis/Fig_Kap4/artificial_error.eps	//tesis/TesisMScyPhD_en_LATEX/Kap4/Fig_Kap4/artificial_error.eps
252	/lasalle/informe_castillo/anexo3.pdf	//la_salle/informe1/anexo3.pdf
252	/lasalle/informe_castillo/anexo3.pdf	//la_salle/informe1 2/anexo3.pdf
240	/thesis2_copy/images/chapter5/fig3_2.eps	//Phd/thesis2/images/chapter5/old/fig3_2.eps
240	/thesis2_copy/images/chapter5/fig3_2.eps	//Phd/thesis2 copy/images/chapter5/fig3_2.eps
236	/INFORME-TESIS_cobas.PDF	//Phd/INFORME-TESIS.PDF
232	/Universidad/tesis/unswthesis/Fig_Kap4/joint_kernel_img.pdf	//tesis/TesisMScyPhD_en_LATEX/Kap4/Fig_Kap4/joint_kernel_img.pdf
232	/Universidad/Doctorado/TesismscyPhD_en_LyX/Kap3/Fig_Kap3/algo.svg	//poster/scf2013/images2013_2/algo.svg
228	/Universidad/tesis/unswthesis/Fig_Kap5/output_search.png	//tesis/unswthesis/Fig_Kap6/output_search.png
228	/Universidad/tesis/unswthesis/Fig_Kap5/output_search.png	//tesis/similarity/output_search.png
228	/Universidad/tesis/unswthesis/Fig_Kap5/output_search.png	//tesis/TesisMScyPhD_en_LATEX/Kap5/Fig_Kap5/output_search.png
228	/Universidad/tesis/unswthesis/Fig_Kap5/output_search.png	//presentacion/images/output_search.png
228	/Universidad/Doctorado/unswthesis/Fig_Kap6/output_search.png	//tesis/unswthesis/Fig_Kap6/output_search.png
228	/Universidad/Doctorado/unswthesis/Fig_Kap6/output_search.png	//tesis/similarity/output_search.png
228	/Universidad/Doctorado/unswthesis/Fig_Kap6/output_search.png	//tesis/TesisMScyPhD_en_LATEX/Kap5/Fig_Kap5/output_search.png
228	/Universidad/Doctorado/unswthesis/Fig_Kap6/output_search.png	//presentacion/images/output_search.png
224	/thesis2_copy/images/chapter3/PaperAssignerFigure2New.png	//Phd/thesis2/images/chapter3/PaperAssignerFigure2New.png
224	/thesis2_copy/images/chapter3/PaperAssignerFigure2New.png	//Phd/thesis2 copy/images/chapter3/PaperAssignerFigure2New.png
220	/scriptingGIT/library/lib/concurrent.jar	//tesis/similarity/concurrent.jar
220	/laSalleWS/library/lib/concurrent.jar	//tesis/similarity/concurrent.jar
216	/thesis2_copy/images/chapter3/PaperAssignerFigure1(2).png	//Phd/thesis2/images/chapter3/PaperAssignerFigure1(2).png
216	/thesis2_copy/images/chapter3/PaperAssignerFigure1(2).png	//Phd/thesis2 copy/images/chapter3/PaperAssignerFigure1(2).png
216	/thesis2_copy/images/chapter1/Fig2.png	//Phd/thesis2/images/chapter1/Fig2.png
216	/thesis2_copy/images/chapter1/Fig2.png	//Phd/thesis2 copy/images/chapter1/Fig2.png
200	/thesis2_copy/images/chapter5/fig4.svg	//Phd/thesis2/images/chapter5/old/fig4.svg
200	/thesis2_copy/images/chapter5/fig4.svg	//Phd/thesis2 copy/images/chapter5/fig4.svg
200	/Universidad/Doctorado/TesismscyPhD_en_LyX/Kap3/Fig_Kap3/pp1H2.svg	//poster/scf2013/images2013_2/pp1H2.svg
196	/thesis2_copy/images/chapter1/fig3.png	//Phd/thesis2/images/chapter1/fig3.png
196	/thesis2_copy/images/chapter1/fig3.png	//Phd/thesis2 copy/images/chapter1/fig3.png
196	/Universidad/Doctorado/TesismscyPhD_en_LyX/Kap3/Fig_Kap3/cosy.svg	//poster/scf2013/images2013_2/cosy.svg
192	/similarity/images/zgauss/binning.eps	//2andres/similarity/images/zgauss/binning.eps
188	/Universidad/tesis/unswthesis/Fig_Kap3/fig6_2.pdf	//tesis/unswthesis/Fig_Kap3/fig6_2.pdf
188	/Universidad/tesis/unswthesis/Fig_Kap3/fig6_2.pdf	//tesis/TesisMScyPhD_en_LATEX/Kap3/Fig_Kap3/fig6_2.pdf
188	/Universidad/Doctorado/unswthesis/Fig_Kap3/fig6_2.pdf	//tesis/unswthesis/Fig_Kap3/fig6_2.pdf
188	/Universidad/Doctorado/unswthesis/Fig_Kap3/fig6_2.pdf	//tesis/TesisMScyPhD_en_LATEX/Kap3/Fig_Kap3/fig6_2.pdf
188	/Universidad/Doctorado/TesismscyPhD_en_LyX/Kap3/Fig_Kap3/reaction.eps	//poster/scf2013/images2013_2/reaction.eps
180	/lasalle/informe_castillo/anexo8.pdf	//la_salle/informe1/anexo9.pdf
180	/lasalle/informe_castillo/anexo8.pdf	//la_salle/informe1 2/anexo9.pdf
168	/Universidad/tesis/unswthesis/tesisLatex/TesisMSc.pdf	//tesis/unswthesis/tesisLatex/TesisMSc.pdf
168	/Universidad/tesis/unswthesis/Fig_Kap5/mass_fit.eps	//tesis/unswthesis/Fig_Kap6/mass_fit.eps
168	/Universidad/tesis/unswthesis/Fig_Kap5/mass_fit.eps	//tesis/TesisMScyPhD_en_LATEX/Kap5/Fig_Kap5/mass_fit.eps
168	/Universidad/Doctorado/unswthesis/tesisLatex/TesisMSc.pdf	//tesis/unswthesis/tesisLatex/TesisMSc.pdf
168	/Universidad/Doctorado/unswthesis/Fig_Kap6/mass_fit.eps	//tesis/unswthesis/Fig_Kap6/mass_fit.eps
168	/Universidad/Doctorado/unswthesis/Fig_Kap6/mass_fit.eps	//tesis/TesisMScyPhD_en_LATEX/Kap5/Fig_Kap5/mass_fit.eps
168	/Universidad/Doctorado/TesismscyPhD_en_LyX/TesisMSc.pdf	//tesis/unswthesis/tesisLatex/TesisMSc.pdf
160	/thesis2_copy/images/chapter2/Submitted_FIG2.png	//Phd/thesis2/images/chapter2/Submitted_FIG2.png
160	/thesis2_copy/images/chapter2/Submitted_FIG2.png	//Phd/thesis2 copy/images/chapter2/Submitted_FIG2.png
160	/lasalle/informe_castillo/anexo5.pdf	//la_salle/informe1/anexo5.pdf
160	/lasalle/informe_castillo/anexo5.pdf	//la_salle/informe1 2/anexo5.pdf
160	/lasalle/informe_castillo/anexo4.pdf	//la_salle/informe1/anexo4.pdf
160	/lasalle/informe_castillo/anexo4.pdf	//la_salle/informe1 2/anexo4.pdf
156	/lasalle/informe_castillo/anexo6.pdf	//la_salle/informe1/anexo6.pdf
156	/lasalle/informe_castillo/anexo6.pdf	//la_salle/informe1 2/anexo6.pdf
152	/Universidad/Doctorado/TesismscyPhD_en_LyX/Kap3/Fig_Kap3/h1_2.svg	//poster/scf2013/images2013_2/h1_2.svg
148	/Universidad/tesis/unswthesis/Fig_Kap5/superimposition.png	//tesis/unswthesis/Fig_Kap6/superimposition.png
148	/Universidad/tesis/unswthesis/Fig_Kap5/superimposition.png	//tesis/similarity/superimposition.png
148	/Universidad/tesis/unswthesis/Fig_Kap5/superimposition.png	//tesis/TesisMScyPhD_en_LATEX/Kap5/Fig_Kap5/superimposition.png
148	/Universidad/tesis/unswthesis/Fig_Kap5/superimposition.png	//presentacion/images/superimposition.png
148	/Universidad/Doctorado/unswthesis/Fig_Kap6/superimposition.png	//tesis/unswthesis/Fig_Kap6/superimposition.png
148	/Universidad/Doctorado/unswthesis/Fig_Kap6/superimposition.png	//tesis/similarity/superimposition.png
148	/Universidad/Doctorado/unswthesis/Fig_Kap6/superimposition.png	//tesis/TesisMScyPhD_en_LATEX/Kap5/Fig_Kap5/superimposition.png
148	/Universidad/Doctorado/unswthesis/Fig_Kap6/superimposition.png	//presentacion/images/superimposition.png
144	/Universidad/Doctorado/unswthesis/biblio.bib	//tesis/unswthesis/biblio.bib
144	/RUT_nuevo.pdf	//papeles_andres/CV_RUT.pdf
140	/thesis2_copy/images/chapter5/fig4.eps	//Phd/thesis2/images/chapter5/old/fig4.eps
140	/thesis2_copy/images/chapter5/fig4.eps	//Phd/thesis2 copy/images/chapter5/fig4.eps
136	/thesis2_copy/images/chapter5/fig3_2.png	//Phd/thesis2/images/chapter5/old/fig3_2.png
136	/thesis2_copy/images/chapter5/fig3_2.png	//Phd/thesis2 copy/images/chapter5/fig3_2.png
136	/similarity/images/zgauss/molecules.eps	//2andres/similarity/images/zgauss/molecules.eps
136	/lasalle/informe_castillo/anexo10.pdf	//la_salle/informe1/anexo11.pdf
136	/lasalle/informe_castillo/anexo10.pdf	//la_salle/informe1 2/anexo11.pdf
132	/thesis2_copy/images/chapter1/graphicalAbstract-01.png	//Phd/thesis2/images/chapter1/graphicalAbstract-01.png
132	/thesis2_copy/images/chapter1/graphicalAbstract-01.png	//Phd/thesis2 copy/images/chapter1/graphicalAbstract-01.png
132	/lasalle/informe_castillo/anexo7.pdf	//la_salle/informe1/anexo8.pdf
132	/lasalle/informe_castillo/anexo7.pdf	//la_salle/informe1 2/anexo8.pdf
124	/thesis2_copy/images/chapter5/fig5.eps	//Phd/thesis2/images/chapter5/old/fig5.eps
124	/thesis2_copy/images/chapter5/fig5.eps	//Phd/thesis2 copy/images/chapter5/fig5.eps
124	/thesis2_copy/images/chapter3/PaperAssignerFigure3.png	//Phd/thesis2/images/chapter3/PaperAssignerFigure3.png
124	/thesis2_copy/images/chapter3/PaperAssignerFigure3.png	//Phd/thesis2 copy/images/chapter3/PaperAssignerFigure3.png
124	/similarity/images/zgauss/wbinning1.eps	//2andres/similarity/images/zgauss/wbinning1.eps
124	/similarity/images/zgauss/wbinning.eps	//2andres/similarity/images/zgauss/wbinning.eps
124	/similarity/images/zgauss/tree_hitList.eps	//2andres/similarity/images/zgauss/tree_hitList.eps
124	/similarity/images/zgauss/tree1.eps	//2andres/similarity/images/zgauss/tree1.eps
124	/similarity/images/zgauss/tree.eps	//2andres/similarity/images/zgauss/tree.eps
124	/similarity/images/zgauss/jkm.eps	//2andres/similarity/images/zgauss/jkm.eps
124	/similarity/images/zgauss/binning1.eps	//2andres/similarity/images/zgauss/binning1.eps
120	/similarity/images/zgauss/ALL_BW.png	//tesis/TesisMScyPhD_en_LATEX/Kap4/Fig_Kap4/ALL_BW.png
120	/similarity/images/zgauss/ALL_BW.png	//presentacion/images/ALL_BW.png
120	/similarity/images/zgauss/ALL_BW.png	//2andres/similarity/images/zgauss/ALL_BW.png
120	/Universidad/tesis/unswthesis/Fig_Kap4/ALL_BW.png	//tesis/TesisMScyPhD_en_LATEX/Kap4/Fig_Kap4/ALL_BW.png
120	/Universidad/tesis/unswthesis/Fig_Kap4/ALL_BW.png	//presentacion/images/ALL_BW.png
120	/Universidad/tesis/unswthesis/Fig_Kap4/ALL_BW.png	//2andres/similarity/images/zgauss/ALL_BW.png
112	/personal/andres_castillo.modalidad4.pdf	//papeles_andres/personal/andres_castillo.modalidad4.pdf
112	/Universidad/Doctorado/proposal/proposalbib.bib	//Phd/proposal/proposalbib.bib
112	/Thesis_Andres_Castillo_nuzillard.pdf	//Phd/Thesis_Andres_Castillo_nuzillard.pdf
108	/Universidad/tesis/unswthesis/Fig_Kap3/fig4_2.eps	//tesis/unswthesis/Fig_Kap3/fig4_2.eps
108	/Universidad/tesis/unswthesis/Fig_Kap3/fig4_2.eps	//tesis/TesisMScyPhD_en_LATEX/Kap3/Fig_Kap3/fig4_2.eps
108	/Universidad/Doctorado/unswthesis/Fig_Kap3/fig4_2.eps	//tesis/unswthesis/Fig_Kap3/fig4_2.eps
108	/Universidad/Doctorado/unswthesis/Fig_Kap3/fig4_2.eps	//tesis/TesisMScyPhD_en_LATEX/Kap3/Fig_Kap3/fig4_2.eps
108	/.metadata/.plugins/org.eclipse.wst.server.core/tmp0/wtpwebapps/servletScript/spectra/mass.jdx	//francoise.jdx
104	/Universidad/tesis/unswthesis/Fig_Kap4/num_mol_prot.eps	//tesis/unswthesis/Fig_Kap4/num_mol_prot.eps
104	/Universidad/tesis/unswthesis/Fig_Kap4/num_mol_prot.eps	//tesis/TesisMScyPhD_en_LATEX/Kap4/Fig_Kap4/num_mol_prot.eps
104	/Universidad/Doctorado/unswthesis/Fig_Kap4/num_mol_prot.eps	//tesis/unswthesis/Fig_Kap4/num_mol_prot.eps
104	/Universidad/Doctorado/unswthesis/Fig_Kap4/num_mol_prot.eps	//tesis/TesisMScyPhD_en_LATEX/Kap4/Fig_Kap4/num_mol_prot.eps
100	/thesis2_copy/images/chapter2/Submitted_FIG1_.png	//Phd/thesis2/images/chapter2/Submitted_FIG1_.png
100	/thesis2_copy/images/chapter2/Submitted_FIG1_.png	//Phd/thesis2 copy/images/chapter2/Submitted_FIG1_.png
100	/Reporte_Servidor_SDA.doc	//humboldt-script/_tests_/testData/B/Reporte_Servidor_SDA.doc
100	/Reporte_Servidor_SDA.doc	//humboldt-script/_tests_/testData/A/Reporte_Servidor_SDA.doc
96	/Universidad/tesis/unswthesis/tesisLatex/Kap2/Energ¡aMundo.XGF	//tesis/unswthesis/tesisLatex/Kap2/Energ¡aMundo.XGF
96	/Universidad/Doctorado/unswthesis/tesisLatex/Kap2/Energ¡aMundo.XGF	//tesis/unswthesis/tesisLatex/Kap2/Energ¡aMundo.XGF
92	/similarity/images/zgauss/abstract3.png	//2andres/similarity/images/zgauss/abstract3.png
92	/similarity/images/zgauss/abstract2.png	//2andres/similarity/images/zgauss/abstract2.png
92	/Universidad/tesis/unswthesis/Fig_Kap5/advance_search2.png	//tesis/unswthesis/Fig_Kap6/advance_search2.png
92	/Universidad/tesis/unswthesis/Fig_Kap5/advance_search2.png	//tesis/TesisMScyPhD_en_LATEX/Kap5/Fig_Kap5/advance_search2.png
92	/Universidad/tesis/unswthesis/Fig_Kap4/intensity_distribution.eps	//tesis/unswthesis/Fig_Kap4/intensity_distribution.eps
92	/Universidad/tesis/unswthesis/Fig_Kap4/intensity_distribution.eps	//tesis/similarity/intensity_distribution.eps
92	/Universidad/tesis/unswthesis/Fig_Kap4/intensity_distribution.eps	//tesis/TesisMScyPhD_en_LATEX/Kap4/Fig_Kap4/intensity_distribution.eps
92	/Universidad/Doctorado/unswthesis/Fig_Kap6/advance_search2.png	//tesis/unswthesis/Fig_Kap6/advance_search2.png
92	/Universidad/Doctorado/unswthesis/Fig_Kap6/advance_search2.png	//tesis/TesisMScyPhD_en_LATEX/Kap5/Fig_Kap5/advance_search2.png
92	/Universidad/Doctorado/unswthesis/Fig_Kap4/intensity_distribution.eps	//tesis/unswthesis/Fig_Kap4/intensity_distribution.eps
92	/Universidad/Doctorado/unswthesis/Fig_Kap4/intensity_distribution.eps	//tesis/similarity/intensity_distribution.eps
92	/Universidad/Doctorado/unswthesis/Fig_Kap4/intensity_distribution.eps	//tesis/TesisMScyPhD_en_LATEX/Kap4/Fig_Kap4/intensity_distribution.eps
92	/ACTA_CALIFICACION_EXAMEN_DOC.pdf	//ACTA_CALIFICACION_EXAMEN_DOC.pdf
88	/thesis2_copy/images/chapter3/PaperAssignerFigure6.png	//Phd/thesis2/images/chapter3/PaperAssignerFigure6.png
88	/thesis2_copy/images/chapter3/PaperAssignerFigure6.png	//Phd/thesis2 copy/images/chapter3/PaperAssignerFigure6.png
88	/revised/referee-letter-jmr-2010.doc	//revised/referee-letter-jmr-2010.doc
88	/Universidad/tesis/unswthesis/Fig_Kap3/fig5d.pdf	//tesis/unswthesis/Fig_Kap3/fig5d.pdf
88	/Universidad/tesis/unswthesis/Fig_Kap3/fig5d.pdf	//tesis/TesisMScyPhD_en_LATEX/Kap3/Fig_Kap3/fig5d.pdf
88	/Universidad/Doctorado/unswthesis/Fig_Kap3/fig5d.pdf	//tesis/unswthesis/Fig_Kap3/fig5d.pdf
88	/Universidad/Doctorado/unswthesis/Fig_Kap3/fig5d.pdf	//tesis/TesisMScyPhD_en_LATEX/Kap3/Fig_Kap3/fig5d.pdf
84	/Universidad/tesis/unswthesis/Fig_Kap4/z-factor.png	//tesis/unswthesis/Fig_Kap4/z-factor.png
84	/Universidad/tesis/unswthesis/Fig_Kap4/z-factor.png	//tesis/TesisMScyPhD_en_LATEX/Kap4/Fig_Kap4/z-factor.png
84	/Universidad/tesis/unswthesis/Fig_Kap4/z-factor.png	//presentacion/images/z-factor.png
84	/Universidad/Doctorado/unswthesis/Fig_Kap4/z-factor.png	//tesis/unswthesis/Fig_Kap4/z-factor.png
84	/Universidad/Doctorado/unswthesis/Fig_Kap4/z-factor.png	//tesis/TesisMScyPhD_en_LATEX/Kap4/Fig_Kap4/z-factor.png
84	/Universidad/Doctorado/unswthesis/Fig_Kap4/z-factor.png	//presentacion/images/z-factor.png
80	/Universidad/tesis/unswthesis/Fig_Kap2/mentholass.eps	//tesis/unswthesis/Fig_Kap2/mentholass.eps
80	/Universidad/tesis/unswthesis/Fig_Kap2/mentholass.eps	//tesis/TesisMScyPhD_en_LATEX/Kap2/Fig_Kap2/mentholass.eps
80	/Universidad/tesis/unswthesis/Fig_Kap2/mentholass.eps	//presentacion/images/mentholass.eps
80	/Universidad/Doctorado/unswthesis/Fig_Kap2/mentholass.eps	//tesis/unswthesis/Fig_Kap2/mentholass.eps
80	/Universidad/Doctorado/unswthesis/Fig_Kap2/mentholass.eps	//tesis/TesisMScyPhD_en_LATEX/Kap2/Fig_Kap2/mentholass.eps
80	/Universidad/Doctorado/unswthesis/Fig_Kap2/mentholass.eps	//presentacion/images/mentholass.eps
80	/Universidad/Doctorado/TesismscyPhD_en_LyX/Kap3/Fig_Kap3/peakShape.svg	//poster/scf2013/images2013_2/peakShape.svg
76	/Universidad/tesis/unswthesis/unswcrest3.pdf	//tesis/unswthesis/unswcrest3.pdf
76	/Universidad/tesis/unswthesis/tesisLatex/Kap1/Fig_Kap1/Prozesse_Trans.EPS	//tesis/unswthesis/tesisLatex/Kap1/Fig_Kap1/Prozesse_Trans.EPS
76	/Universidad/tesis/unswthesis/Fig_Kap4/si_x.png	//tesis/unswthesis/Fig_Kap4/si_x.png
76	/Universidad/tesis/unswthesis/Fig_Kap4/si_x.png	//tesis/similarity/si_x.png
76	/Universidad/tesis/unswthesis/Fig_Kap4/si_x.png	//tesis/TesisMScyPhD_en_LATEX/Kap4/Fig_Kap4/si_x.png
76	/Universidad/tesis/unswthesis (copy)/unswcrest3.pdf	//tesis/unswthesis/unswcrest3.pdf
76	/Universidad/Doctorado/unswthesis/tesisLatex/Kap1/Fig_Kap1/Prozesse_Trans.EPS	//tesis/unswthesis/tesisLatex/Kap1/Fig_Kap1/Prozesse_Trans.EPS
76	/Universidad/Doctorado/unswthesis/Fig_Kap4/si_x.png	//tesis/unswthesis/Fig_Kap4/si_x.png
76	/Universidad/Doctorado/unswthesis/Fig_Kap4/si_x.png	//tesis/similarity/si_x.png
76	/Universidad/Doctorado/unswthesis/Fig_Kap4/si_x.png	//tesis/TesisMScyPhD_en_LATEX/Kap4/Fig_Kap4/si_x.png
72	/Universidad/tesis/unswthesis/tesisLatex/Kap2/Aceite_BMresidual.XGF	//tesis/unswthesis/tesisLatex/Kap2/Aceite_BMresidual.XGF
72	/Universidad/Doctorado/unswthesis/tesisLatex/Kap2/Aceite_BMresidual.XGF	//tesis/unswthesis/tesisLatex/Kap2/Aceite_BMresidual.XGF
72	/Universidad/Doctorado/TesismscyPhD_en_LyX/Kap3/Fig_Kap3/Logo_EPFL.svg	//poster/scf2013/images2013_2/Logo_EPFL.svg
68	/thesis2_copy/images/chapter5/fig1.svg	//Phd/thesis2/images/chapter5/old/fig1.svg
68	/thesis2_copy/images/chapter5/fig1.svg	//Phd/thesis2 copy/images/chapter5/fig1.svg
68	/documentos/ACTA_CALIFICACION_EXAMEN_DOC.doc	//ACTA_CALIFICACION_EXAMEN_DOC.doc
68	/Universidad/tesis/unswthesis/Fig_Kap2/HMSQC1.png	//tesis/unswthesis/Fig_Kap2/HMSQC1.png
68	/Universidad/tesis/unswthesis/Fig_Kap2/HMSQC1.png	//tesis/similarity/HMSQC1.png
68	/Universidad/tesis/unswthesis/Fig_Kap2/HMSQC1.png	//tesis/TesisMScyPhD_en_LATEX/Kap2/Fig_Kap2/HMSQC1.png
68	/Universidad/tesis/unswthesis/Fig_Kap2/HMSQC1.png	//presentacion/images/HMSQC1.png
68	/Universidad/Doctorado/unswthesis/Fig_Kap2/HMSQC1.png	//tesis/unswthesis/Fig_Kap2/HMSQC1.png
68	/Universidad/Doctorado/unswthesis/Fig_Kap2/HMSQC1.png	//tesis/similarity/HMSQC1.png
68	/Universidad/Doctorado/unswthesis/Fig_Kap2/HMSQC1.png	//tesis/TesisMScyPhD_en_LATEX/Kap2/Fig_Kap2/HMSQC1.png
68	/Universidad/Doctorado/unswthesis/Fig_Kap2/HMSQC1.png	//presentacion/images/HMSQC1.png
64	/Universidad/tesis/unswthesis/tesisLatex/Kap3/Fig_Kap3/EMundo.EPS	//tesis/unswthesis/tesisLatex/Kap3/Fig_Kap3/EMundo.EPS
64	/Universidad/tesis/unswthesis/Fig_Kap3/fig2b.pdf	//tesis/unswthesis/Fig_Kap3/fig2b.pdf
64	/Universidad/tesis/unswthesis/Fig_Kap3/fig2b.pdf	//tesis/TesisMScyPhD_en_LATEX/Kap3/Fig_Kap3/fig2b.pdf
64	/Universidad/Doctorado/unswthesis/tesisLatex/Kap3/Fig_Kap3/EMundo.EPS	//tesis/unswthesis/tesisLatex/Kap3/Fig_Kap3/EMundo.EPS
64	/Universidad/Doctorado/unswthesis/chapter6.lyx~	//tesis/unswthesis/chapter6.lyx~
64	/Universidad/Doctorado/unswthesis/chapter6.lyx	//tesis/unswthesis/chapter6.lyx
64	/Universidad/Doctorado/unswthesis/Fig_Kap3/fig2b.pdf	//tesis/unswthesis/Fig_Kap3/fig2b.pdf
64	/Universidad/Doctorado/unswthesis/Fig_Kap3/fig2b.pdf	//tesis/TesisMScyPhD_en_LATEX/Kap3/Fig_Kap3/fig2b.pdf
60	/thesis2_copy/images/chapter5/fig1.eps	//Phd/thesis2/images/chapter5/old/fig1.eps
60	/thesis2_copy/images/chapter5/fig1.eps	//Phd/thesis2 copy/images/chapter5/fig1.eps
60	/similarity/images/zgauss/abstract.png	//2andres/similarity/images/zgauss/abstract.png
60	/Universidad/tesis/unswthesis/Fig_Kap3/fig8.pdf	//tesis/unswthesis/Fig_Kap3/fig8.pdf
60	/Universidad/tesis/unswthesis/Fig_Kap3/fig8.pdf	//tesis/TesisMScyPhD_en_LATEX/Kap3/Fig_Kap3/fig8.pdf
60	/Universidad/Doctorado/unswthesis/Fig_Kap3/fig8.pdf	//tesis/unswthesis/Fig_Kap3/fig8.pdf
60	/Universidad/Doctorado/unswthesis/Fig_Kap3/fig8.pdf	//tesis/TesisMScyPhD_en_LATEX/Kap3/Fig_Kap3/fig8.pdf
56	/thesis2_copy/images/css.eps	//proposal/images/css.eps
56	/thesis2_copy/images/css.eps	//Phd/thesis2/images/css.eps
56	/thesis2_copy/images/css.eps	//Phd/thesis2 copy/images/css.eps
56	/thesis2_copy/images/css.eps	//Phd/proposal/images/css.eps
56	/thesis2_copy/images/chapter5/fig3.png	//Phd/thesis2/images/chapter5/old/fig3.png
56	/thesis2_copy/images/chapter5/fig3.png	//Phd/thesis2 copy/images/chapter5/fig3.png
56	/similarity/hs_err_pid25170.log	//2andres/similarity/hs_err_pid25170.log
56	/similarity/hs_err_pid24981.log	//2andres/similarity/hs_err_pid24981.log
56	/Universidad/tesis/unswthesis/tesisLatex/TesisMSc.dvi	//tesis/unswthesis/tesisLatex/TesisMSc.dvi
56	/Universidad/tesis/unswthesis/tesisLatex/Kap2/EMundo.EPS	//tesis/unswthesis/tesisLatex/Kap2/EMundo.EPS
56	/Universidad/tesis/unswthesis/Fig_Kap5/simulator_g.png	//tesis/unswthesis/Fig_Kap6/simulator_g.png
56	/Universidad/tesis/unswthesis/Fig_Kap5/simulator_g.png	//tesis/similarity/simulator_g.png
56	/Universidad/tesis/unswthesis/Fig_Kap5/simulator_g.png	//tesis/TesisMScyPhD_en_LATEX/Kap5/Fig_Kap5/simulator_g.png
56	/Universidad/tesis/unswthesis/Fig_Kap5/simulator_g.png	//presentacion/images/simulator_g.png
56	/Universidad/tesis/unswthesis/Fig_Kap3/fig7_2.eps	//tesis/unswthesis/Fig_Kap3/fig7_2.eps
56	/Universidad/tesis/unswthesis/Fig_Kap3/fig7_2.eps	//tesis/TesisMScyPhD_en_LATEX/Kap3/Fig_Kap3/fig7_2.eps
56	/Universidad/tesis/unswthesis/Fig_Kap3/fig1b.pdf	//tesis/unswthesis/Fig_Kap3/fig1b.pdf
56	/Universidad/tesis/unswthesis/Fig_Kap3/fig1b.pdf	//tesis/TesisMScyPhD_en_LATEX/Kap3/Fig_Kap3/fig1b.pdf
56	/Universidad/Doctorado/unswthesis/tesisLatex/TesisMSc.dvi	//tesis/unswthesis/tesisLatex/TesisMSc.dvi
56	/Universidad/Doctorado/unswthesis/tesisLatex/Kap2/EMundo.EPS	//tesis/unswthesis/tesisLatex/Kap2/EMundo.EPS
56	/Universidad/Doctorado/unswthesis/Fig_Kap6/simulator_g.png	//tesis/unswthesis/Fig_Kap6/simulator_g.png
56	/Universidad/Doctorado/unswthesis/Fig_Kap6/simulator_g.png	//tesis/similarity/simulator_g.png
56	/Universidad/Doctorado/unswthesis/Fig_Kap6/simulator_g.png	//tesis/TesisMScyPhD_en_LATEX/Kap5/Fig_Kap5/simulator_g.png
56	/Universidad/Doctorado/unswthesis/Fig_Kap6/simulator_g.png	//presentacion/images/simulator_g.png
56	/Universidad/Doctorado/unswthesis/Fig_Kap3/fig7_2.eps	//tesis/unswthesis/Fig_Kap3/fig7_2.eps
56	/Universidad/Doctorado/unswthesis/Fig_Kap3/fig7_2.eps	//tesis/TesisMScyPhD_en_LATEX/Kap3/Fig_Kap3/fig7_2.eps
56	/Universidad/Doctorado/unswthesis/Fig_Kap3/fig1b.pdf	//tesis/unswthesis/Fig_Kap3/fig1b.pdf
56	/Universidad/Doctorado/unswthesis/Fig_Kap3/fig1b.pdf	//tesis/TesisMScyPhD_en_LATEX/Kap3/Fig_Kap3/fig1b.pdf
56	/Universidad/Doctorado/proposal/images/css.eps	//proposal/images/css.eps
56	/Universidad/Doctorado/proposal/images/css.eps	//Phd/thesis2/images/css.eps
56	/Universidad/Doctorado/proposal/images/css.eps	//Phd/thesis2 copy/images/css.eps
56	/Universidad/Doctorado/proposal/images/css.eps	//Phd/proposal/images/css.eps
56	/Universidad/Doctorado/TesismscyPhD_en_LyX/TesisMSc.dvi	//tesis/unswthesis/tesisLatex/TesisMSc.dvi
56	/Universidad/Doctorado/TesismscyPhD_en_LyX/Kap2/Fig_Kap2/css.eps	//proposal/images/css.eps
56	/Universidad/Doctorado/TesismscyPhD_en_LyX/Kap2/Fig_Kap2/css.eps	//Phd/thesis2/images/css.eps
56	/Universidad/Doctorado/TesismscyPhD_en_LyX/Kap2/Fig_Kap2/css.eps	//Phd/thesis2 copy/images/css.eps
56	/Universidad/Doctorado/TesismscyPhD_en_LyX/Kap2/Fig_Kap2/css.eps	//Phd/proposal/images/css.eps
52	/thesis2_copy/images/chapter3/PaperAssignerFigure2.png	//Phd/thesis2/images/chapter3/PaperAssignerFigure2.png
52	/thesis2_copy/images/chapter3/PaperAssignerFigure2.png	//Phd/thesis2 copy/images/chapter3/PaperAssignerFigure2.png
52	/dd/images/logo3.png	//workspace/Formulario2/images/logo3.png
52	/dd/images/logo3.png	//workspace/Formulario1/images/logo3.png
52	/Universidad/tesis/unswthesis/Fig_Kap2/mapa-elucidacion.pdf	//tesis/unswthesis/Fig_Kap2/mapa-elucidacion.pdf
52	/Universidad/tesis/unswthesis/Fig_Kap2/mapa-elucidacion.pdf	//tesis/TesisMScyPhD_en_LATEX/Kap2/Fig_Kap2/mapa-elucidacion.pdf
52	/Universidad/Doctorado/unswthesis/Fig_Kap2/mapa-elucidacion.pdf	//tesis/unswthesis/Fig_Kap2/mapa-elucidacion.pdf
52	/Universidad/Doctorado/unswthesis/Fig_Kap2/mapa-elucidacion.pdf	//tesis/TesisMScyPhD_en_LATEX/Kap2/Fig_Kap2/mapa-elucidacion.pdf
48	/thesis2_copy/images/chapter1/Fig2.eps	//Phd/thesis2/images/chapter1/Fig2.eps
48	/thesis2_copy/images/chapter1/Fig2.eps	//Phd/thesis2 copy/images/chapter1/Fig2.eps
48	/Universidad/tesis/unswthesis/Fig_Kap5/mass_fit.pdf	//tesis/unswthesis/Fig_Kap6/mass_fit.pdf
48	/Universidad/tesis/unswthesis/Fig_Kap5/mass_fit.pdf	//tesis/TesisMScyPhD_en_LATEX/Kap5/Fig_Kap5/mass_fit.pdf
48	/Universidad/tesis/unswthesis/Fig_Kap3/fig3b.pdf	//tesis/unswthesis/Fig_Kap3/fig3b.pdf
48	/Universidad/tesis/unswthesis/Fig_Kap3/fig3b.pdf	//tesis/TesisMScyPhD_en_LATEX/Kap3/Fig_Kap3/fig3b.pdf
48	/Universidad/Doctorado/unswthesis/Fig_Kap6/mass_fit.pdf	//tesis/unswthesis/Fig_Kap6/mass_fit.pdf
48	/Universidad/Doctorado/unswthesis/Fig_Kap6/mass_fit.pdf	//tesis/TesisMScyPhD_en_LATEX/Kap5/Fig_Kap5/mass_fit.pdf
48	/Universidad/Doctorado/unswthesis/Fig_Kap3/fig3b.pdf	//tesis/unswthesis/Fig_Kap3/fig3b.pdf
48	/Universidad/Doctorado/unswthesis/Fig_Kap3/fig3b.pdf	//tesis/TesisMScyPhD_en_LATEX/Kap3/Fig_Kap3/fig3b.pdf
44	/thesis2_copy/images/chapter3/PaperAssignerFigure5.png	//Phd/thesis2/images/chapter3/PaperAssignerFigure5.png
44	/thesis2_copy/images/chapter3/PaperAssignerFigure5.png	//Phd/thesis2 copy/images/chapter3/PaperAssignerFigure5.png
44	/serverBackup_2014_12_03/tomcat/webapps/script/WEB-INF/lib/json.jar	//PDB_2012/code/PDB_Trezzini/dist/lib/json.jar
44	/serverBackup_2014_12_03/tomcat/webapps/script/WEB-INF/lib/json.jar	//PDB_2012/PDB Trezzini 2013/PDB_Trezzini/dist/lib/json.jar
44	/scriptingGIT/library/lib/json.jar	//PDB_2012/code/PDB_Trezzini/dist/lib/json.jar
44	/scriptingGIT/library/lib/json.jar	//PDB_2012/PDB Trezzini 2013/PDB_Trezzini/dist/lib/json.jar
44	/scriptingGIT/dbcreator/src/ext-lib/json.jar	//PDB_2012/code/PDB_Trezzini/dist/lib/json.jar
44	/scriptingGIT/dbcreator/src/ext-lib/json.jar	//PDB_2012/PDB Trezzini 2013/PDB_Trezzini/dist/lib/json.jar
44	/scriptingGIT/dbcreator/bin/ext-lib/json.jar	//PDB_2012/code/PDB_Trezzini/dist/lib/json.jar
44	/scriptingGIT/dbcreator/bin/ext-lib/json.jar	//PDB_2012/PDB Trezzini 2013/PDB_Trezzini/dist/lib/json.jar
44	/scriptingGIT/.metadata/.plugins/org.eclipse.wst.server.core/tmp0/wtpwebapps/script/WEB-INF/lib/json.jar	//PDB_2012/code/PDB_Trezzini/dist/lib/json.jar
44	/scriptingGIT/.metadata/.plugins/org.eclipse.wst.server.core/tmp0/wtpwebapps/script/WEB-INF/lib/json.jar	//PDB_2012/PDB Trezzini 2013/PDB_Trezzini/dist/lib/json.jar
44	/laSalleWS/library/lib/json.jar	//PDB_2012/code/PDB_Trezzini/dist/lib/json.jar
44	/laSalleWS/library/lib/json.jar	//PDB_2012/PDB Trezzini 2013/PDB_Trezzini/dist/lib/json.jar
44	/laSalleWS/excelPlugin/lib/json.jar	//PDB_2012/code/PDB_Trezzini/dist/lib/json.jar
44	/laSalleWS/excelPlugin/lib/json.jar	//PDB_2012/PDB Trezzini 2013/PDB_Trezzini/dist/lib/json.jar
44	/laSalleWS/excelParser/lib/json.jar	//PDB_2012/code/PDB_Trezzini/dist/lib/json.jar
44	/laSalleWS/excelParser/lib/json.jar	//PDB_2012/PDB Trezzini 2013/PDB_Trezzini/dist/lib/json.jar
40	/laSalleWS/excelPlugin/.git/objects/04/29cf4fbf0484648537b95ef3d915583f3d5e98	//PDB_2012/code/PDB_Trezzini/.git/objects/04/29cf4fbf0484648537b95ef3d915583f3d5e98
40	/laSalleWS/excelPlugin/.git/objects/04/29cf4fbf0484648537b95ef3d915583f3d5e98	//PDB_2012/PDB Trezzini 2013/PDB_Trezzini/.git/objects/04/29cf4fbf0484648537b95ef3d915583f3d5e98
40	/laSalleWS/excelParser/.git/objects/04/29cf4fbf0484648537b95ef3d915583f3d5e98	//PDB_2012/code/PDB_Trezzini/.git/objects/04/29cf4fbf0484648537b95ef3d915583f3d5e98
40	/laSalleWS/excelParser/.git/objects/04/29cf4fbf0484648537b95ef3d915583f3d5e98	//PDB_2012/PDB Trezzini 2013/PDB_Trezzini/.git/objects/04/29cf4fbf0484648537b95ef3d915583f3d5e98
40	/Universidad/tesis/unswthesis/tesisLatex/plaindin_so.bst	//tesis/unswthesis/tesisLatex/plaindin_so.bst
40	/Universidad/tesis/unswthesis/tesisLatex/plaindin_so.bst	//tesis/TesisMScyPhD_en_LATEX/plaindin_so.bst
40	/Universidad/tesis/unswthesis/tesisLatex/plaindin_esp.bst.bak	//tesis/unswthesis/tesisLatex/plaindin_esp.bst.bak
40	/Universidad/tesis/unswthesis/tesisLatex/plaindin_esp.bst.bak	//tesis/TesisMScyPhD_en_LATEX/plaindin_esp.bst.bak
40	/Universidad/tesis/unswthesis/tesisLatex/plaindin_esp.bst	//tesis/unswthesis/tesisLatex/plaindin_esp.bst
40	/Universidad/tesis/unswthesis/tesisLatex/plaindin_esp.bst	//tesis/TesisMScyPhD_en_LATEX/plaindin_esp.bst
40	/Universidad/tesis/unswthesis/tesisLatex/Kap1/Fig_Kap1/Procesos_Trans.EPS	//tesis/unswthesis/tesisLatex/Kap1/Fig_Kap1/Procesos_Trans.EPS
40	/Universidad/tesis/unswthesis/chapter3.lyx~	//tesis/unswthesis/chapter3.lyx~
40	/Universidad/tesis/unswthesis/chapter3.lyx	//tesis/unswthesis/chapter3.lyx
40	/Universidad/tesis/unswthesis/Fig_Kap3/fig9.pdf	//tesis/unswthesis/Fig_Kap3/fig9.pdf
40	/Universidad/tesis/unswthesis/Fig_Kap3/fig9.pdf	//tesis/TesisMScyPhD_en_LATEX/Kap3/Fig_Kap3/fig9.pdf
40	/Universidad/Doctorado/unswthesis/tesisLatex/plaindin_so.bst	//tesis/unswthesis/tesisLatex/plaindin_so.bst
40	/Universidad/Doctorado/unswthesis/tesisLatex/plaindin_so.bst	//tesis/TesisMScyPhD_en_LATEX/plaindin_so.bst
40	/Universidad/Doctorado/unswthesis/tesisLatex/plaindin_esp.bst.bak	//tesis/unswthesis/tesisLatex/plaindin_esp.bst.bak
40	/Universidad/Doctorado/unswthesis/tesisLatex/plaindin_esp.bst.bak	//tesis/TesisMScyPhD_en_LATEX/plaindin_esp.bst.bak
40	/Universidad/Doctorado/unswthesis/tesisLatex/plaindin_esp.bst	//tesis/unswthesis/tesisLatex/plaindin_esp.bst
40	/Universidad/Doctorado/unswthesis/tesisLatex/plaindin_esp.bst	//tesis/TesisMScyPhD_en_LATEX/plaindin_esp.bst
40	/Universidad/Doctorado/unswthesis/tesisLatex/Kap1/Fig_Kap1/Procesos_Trans.EPS	//tesis/unswthesis/tesisLatex/Kap1/Fig_Kap1/Procesos_Trans.EPS
40	/Universidad/Doctorado/unswthesis/chapter4.lyx~	//tesis/unswthesis/chapter4.lyx~
40	/Universidad/Doctorado/unswthesis/chapter4.lyx	//tesis/unswthesis/chapter4.lyx
40	/Universidad/Doctorado/unswthesis/chapter3.lyx~	//tesis/unswthesis/chapter3.lyx~
40	/Universidad/Doctorado/unswthesis/chapter3.lyx	//tesis/unswthesis/chapter3.lyx
40	/Universidad/Doctorado/unswthesis/Fig_Kap3/fig9.pdf	//tesis/unswthesis/Fig_Kap3/fig9.pdf
40	/Universidad/Doctorado/unswthesis/Fig_Kap3/fig9.pdf	//tesis/TesisMScyPhD_en_LATEX/Kap3/Fig_Kap3/fig9.pdf
40	/Universidad/Doctorado/TesismscyPhD_en_LyX/plaindin_so.bst	//tesis/unswthesis/tesisLatex/plaindin_so.bst
40	/Universidad/Doctorado/TesismscyPhD_en_LyX/plaindin_so.bst	//tesis/TesisMScyPhD_en_LATEX/plaindin_so.bst
40	/Universidad/Doctorado/TesismscyPhD_en_LyX/plaindin_esp.bst.bak	//tesis/unswthesis/tesisLatex/plaindin_esp.bst.bak
40	/Universidad/Doctorado/TesismscyPhD_en_LyX/plaindin_esp.bst.bak	//tesis/TesisMScyPhD_en_LATEX/plaindin_esp.bst.bak
40	/Universidad/Doctorado/TesismscyPhD_en_LyX/plaindin_esp.bst	//tesis/unswthesis/tesisLatex/plaindin_esp.bst
40	/Universidad/Doctorado/TesismscyPhD_en_LyX/plaindin_esp.bst	//tesis/TesisMScyPhD_en_LATEX/plaindin_esp.bst
36	/thesis2_copy/images/chapter3/BE07A413D70F151C.png	//Phd/thesis2/images/chapter3/BE07A413D70F151C.png
36	/thesis2_copy/images/chapter3/BE07A413D70F151C.png	//Phd/thesis2 copy/images/chapter3/BE07A413D70F151C.png
36	/Universidad/tesis/unswthesis/tesisLatex/personal.bst	//tesis/unswthesis/tesisLatex/personal.bst
36	/Universidad/tesis/unswthesis/tesisLatex/personal.bst	//tesis/TesisMScyPhD_en_LATEX/personal.bst
36	/Universidad/tesis/unswthesis/tesisLatex/Kap1/Fig_Kap1/Prozesse_Trans.pdf.ppt	//tesis/unswthesis/tesisLatex/Kap1/Fig_Kap1/Prozesse_Trans.pdf.ppt
36	/Universidad/tesis/unswthesis/tesisLatex/HojaTitulo/EscudoUN.eps	//tesis/unswthesis/tesisLatex/HojaTitulo/EscudoUN.eps
36	/Universidad/tesis/unswthesis/chapter33.lyx~	//tesis/unswthesis/chapter33.lyx~
36	/Universidad/tesis/unswthesis/Fig_Kap4/binning_spec.png	//tesis/unswthesis/Fig_Kap4/binning_spec.png
36	/Universidad/tesis/unswthesis/Fig_Kap4/binning_spec.png	//tesis/similarity/binning_spec.png
36	/Universidad/tesis/unswthesis/Fig_Kap4/binning_spec.png	//tesis/TesisMScyPhD_en_LATEX/Kap4/Fig_Kap4/binning_spec.png
36	/Universidad/Doctorado/unswthesis/tesisLatex/personal.bst	//tesis/unswthesis/tesisLatex/personal.bst
36	/Universidad/Doctorado/unswthesis/tesisLatex/personal.bst	//tesis/TesisMScyPhD_en_LATEX/personal.bst
36	/Universidad/Doctorado/unswthesis/chapter6.tex	//tesis/unswthesis/chapter6.tex
36	/Universidad/Doctorado/unswthesis/chapter33.lyx~	//tesis/unswthesis/chapter33.lyx~
36	/Universidad/Doctorado/unswthesis/Fig_Kap4/binning_spec.png	//tesis/unswthesis/Fig_Kap4/binning_spec.png
36	/Universidad/Doctorado/unswthesis/Fig_Kap4/binning_spec.png	//tesis/similarity/binning_spec.png
36	/Universidad/Doctorado/unswthesis/Fig_Kap4/binning_spec.png	//tesis/TesisMScyPhD_en_LATEX/Kap4/Fig_Kap4/binning_spec.png
36	/Universidad/Doctorado/TesismscyPhD_en_LyX/personal.bst	//tesis/unswthesis/tesisLatex/personal.bst
36	/Universidad/Doctorado/TesismscyPhD_en_LyX/personal.bst	//tesis/TesisMScyPhD_en_LATEX/personal.bst
36	/Universidad/Doctorado/TesismscyPhD_en_LyX/HojaTitulo/EscudoUN.eps	//tesis/unswthesis/tesisLatex/HojaTitulo/EscudoUN.eps
32	/thesis2_copy/images/chapter3/PaperAssignerFigure1.png	//Phd/thesis2/images/chapter3/PaperAssignerFigure1.png
32	/thesis2_copy/images/chapter3/PaperAssignerFigure1.png	//Phd/thesis2 copy/images/chapter3/PaperAssignerFigure1.png
32	/thesis2_copy/chapter0.lyx	//Phd/thesis2 copy/chapter0.lyx
32	/Universidad/tesis/unswthesis/tesisLatex/Kap3/Fig_Kap3/BMresidual.EPS	//tesis/unswthesis/tesisLatex/Kap3/Fig_Kap3/BMresidual.EPS
32	/Universidad/tesis/unswthesis/tesisLatex/Kap3/Fig_Kap3/BMresidual.EPS	//tesis/unswthesis/tesisLatex/Kap2/BMresidual.EPS
32	/Universidad/tesis/unswthesis/tesisLatex/Kap2/BMresidual.EPS	//tesis/unswthesis/tesisLatex/Kap3/Fig_Kap3/BMresidual.EPS
32	/Universidad/tesis/unswthesis/tesisLatex/Kap2/BMresidual.EPS	//tesis/unswthesis/tesisLatex/Kap2/BMresidual.EPS
32	/Universidad/Doctorado/unswthesis/tesisLatex/Kap3/Fig_Kap3/BMresidual.EPS	//tesis/unswthesis/tesisLatex/Kap3/Fig_Kap3/BMresidual.EPS
32	/Universidad/Doctorado/unswthesis/tesisLatex/Kap3/Fig_Kap3/BMresidual.EPS	//tesis/unswthesis/tesisLatex/Kap2/BMresidual.EPS
32	/Universidad/Doctorado/unswthesis/tesisLatex/Kap2/BMresidual.EPS	//tesis/unswthesis/tesisLatex/Kap3/Fig_Kap3/BMresidual.EPS
32	/Universidad/Doctorado/unswthesis/tesisLatex/Kap2/BMresidual.EPS	//tesis/unswthesis/tesisLatex/Kap2/BMresidual.EPS
28	/thesis2_copy/images/chapter5/fig5.svg	//Phd/thesis2/images/chapter5/old/fig5.svg
28	/thesis2_copy/images/chapter5/fig5.svg	//Phd/thesis2 copy/images/chapter5/fig5.svg
28	/revised/covering-letter.doc	//revised/covering-letter.doc
28	/Universidad/tesis/unswthesis/Fig_Kap4/intensity_distribution.pdf	//tesis/unswthesis/Fig_Kap4/intensity_distribution.pdf
28	/Universidad/tesis/unswthesis/Fig_Kap4/intensity_distribution.pdf	//tesis/TesisMScyPhD_en_LATEX/Kap4/Fig_Kap4/intensity_distribution.pdf
28	/Universidad/Doctorado/unswthesis/chapter5.lyx~	//tesis/unswthesis/chapter5.lyx~
28	/Universidad/Doctorado/unswthesis/chapter5.lyx	//tesis/unswthesis/chapter5.lyx
28	/Universidad/Doctorado/unswthesis/chapter4.tex	//tesis/unswthesis/chapter4.tex
28	/Universidad/Doctorado/unswthesis/chapter3.tex	//tesis/unswthesis/chapter3.tex
28	/Universidad/Doctorado/unswthesis/Fig_Kap4/intensity_distribution.pdf	//tesis/unswthesis/Fig_Kap4/intensity_distribution.pdf
28	/Universidad/Doctorado/unswthesis/Fig_Kap4/intensity_distribution.pdf	//tesis/TesisMScyPhD_en_LATEX/Kap4/Fig_Kap4/intensity_distribution.pdf
28	/Universidad/Doctorado/TesismscyPhD_en_LyX/Kap3/Fig_Kap3/peak.png	//poster/scf2013/images2013_2/peak.png
28	/Universidad/Doctorado/TesismscyPhD_en_LyX/Kap3/Fig_Kap3/hmbc_noisy.png	//poster/scf2013/images2013_2/hmbc_noisy.png
28	/Universidad/Doctorado/TesismscyPhD_en_LyX/Kap3/Fig_Kap3/hmbc2.png	//poster/scf2013/images2013_2/hmbc2.png
28	/Universidad/Doctorado/TesismscyPhD_en_LyX/Kap3/Fig_Kap3/h1.png	//poster/scf2013/images2013_2/h1.png
28	/Universidad/Doctorado/TesismscyPhD_en_LyX/Kap3/Fig_Kap3/eb4.png	//poster/scf2013/images2013_2/eb4.png
28	/Universidad/Doctorado/TesismscyPhD_en_LyX/Kap3/Fig_Kap3/cosyComplex.png	//poster/scf2013/images2013_2/cosyComplex.png
24	/revised/title_page_wist.doc	//revised/title_page_wist.doc
24	/revised/highlights-wist.doc	//revised/highlights-wist.doc
24	/Universidad/tesis/unswthesis/tesisLatex/Kap3/Fig_Kap3/Balance_Extraccion.EPS	//tesis/unswthesis/tesisLatex/Kap3/Fig_Kap3/Balance_Extraccion.EPS
24	/Universidad/tesis/unswthesis/Fig_Kap2/mentholass.pdf	//tesis/unswthesis/Fig_Kap2/mentholass.pdf
24	/Universidad/tesis/unswthesis/Fig_Kap2/mentholass.pdf	//tesis/TesisMScyPhD_en_LATEX/Kap2/Fig_Kap2/mentholass.pdf
24	/Universidad/Doctorado/unswthesis/tesisLatex/Kap3/Fig_Kap3/Balance_Extraccion.EPS	//tesis/unswthesis/tesisLatex/Kap3/Fig_Kap3/Balance_Extraccion.EPS
24	/Universidad/Doctorado/unswthesis/chapter2.lyx~	//tesis/unswthesis/chapter2.lyx~
24	/Universidad/Doctorado/unswthesis/chapter2.lyx	//tesis/unswthesis/chapter2.lyx
24	/Universidad/Doctorado/unswthesis/Fig_Kap2/mentholass.pdf	//tesis/unswthesis/Fig_Kap2/mentholass.pdf
24	/Universidad/Doctorado/unswthesis/Fig_Kap2/mentholass.pdf	//tesis/TesisMScyPhD_en_LATEX/Kap2/Fig_Kap2/mentholass.pdf
24	/Universidad/Doctorado/TesismscyPhD_en_LyX/Kap3/Fig_Kap3/h1_noise.png	//poster/scf2013/images2013_2/h1_noise.png
24	/Universidad/Doctorado/TesismscyPhD_en_LyX/Kap3/Fig_Kap3/eb2.png	//poster/scf2013/images2013_2/eb2.png
20	/thesis2_copy/images/chapter1/Fig2.svg	//Phd/thesis2/images/chapter1/Fig2.svg
20	/thesis2_copy/images/chapter1/Fig2.svg	//Phd/thesis2 copy/images/chapter1/Fig2.svg
20	/revised/revised.doc	//revised/revised.doc
20	/Universidad/tesis/unswthesis/tesisLatex/TesisMSc.log	//tesis/unswthesis/tesisLatex/TesisMSc.log
20	/Universidad/tesis/unswthesis/tesisLatex/Kap3/Fig_Kap3/RestbiomasseBilanz.EPS	//tesis/unswthesis/tesisLatex/Kap3/Fig_Kap3/RestbiomasseBilanz.EPS
20	/Universidad/tesis/unswthesis/Fig_Kap5/mass_fitComb.png	//tesis/unswthesis/Fig_Kap6/mass_fitComb.png
20	/Universidad/tesis/unswthesis/Fig_Kap5/mass_fitComb.png	//tesis/similarity/mass_fitComb.png
20	/Universidad/tesis/unswthesis/Fig_Kap5/mass_fitComb.png	//tesis/TesisMScyPhD_en_LATEX/Kap5/Fig_Kap5/mass_fitComb.png
20	/Universidad/tesis/unswthesis/Fig_Kap4/num_mol_prot.pdf	//tesis/unswthesis/Fig_Kap4/num_mol_prot.pdf
20	/Universidad/tesis/unswthesis/Fig_Kap4/num_mol_prot.pdf	//tesis/TesisMScyPhD_en_LATEX/Kap4/Fig_Kap4/num_mol_prot.pdf
20	/Universidad/tesis/unswthesis/Fig_Kap4/artificial_error.pdf	//tesis/unswthesis/Fig_Kap4/artificial_error.pdf
20	/Universidad/tesis/unswthesis/Fig_Kap4/artificial_error.pdf	//tesis/TesisMScyPhD_en_LATEX/Kap4/Fig_Kap4/artificial_error.pdf
20	/Universidad/tesis/unswthesis/Fig_Kap3/fig4_2.pdf	//tesis/unswthesis/Fig_Kap3/fig4_2.pdf
20	/Universidad/tesis/unswthesis/Fig_Kap3/fig4_2.pdf	//tesis/TesisMScyPhD_en_LATEX/Kap3/Fig_Kap3/fig4_2.pdf
20	/Universidad/Doctorado/unswthesis/tesisLatex/TesisMSc.log	//tesis/unswthesis/tesisLatex/TesisMSc.log
20	/Universidad/Doctorado/unswthesis/tesisLatex/Kap3/Fig_Kap3/RestbiomasseBilanz.EPS	//tesis/unswthesis/tesisLatex/Kap3/Fig_Kap3/RestbiomasseBilanz.EPS
20	/Universidad/Doctorado/unswthesis/chapter5.tex	//tesis/unswthesis/chapter5.tex
20	/Universidad/Doctorado/unswthesis/Fig_Kap6/mass_fitComb.png	//tesis/unswthesis/Fig_Kap6/mass_fitComb.png
20	/Universidad/Doctorado/unswthesis/Fig_Kap6/mass_fitComb.png	//tesis/similarity/mass_fitComb.png
20	/Universidad/Doctorado/unswthesis/Fig_Kap6/mass_fitComb.png	//tesis/TesisMScyPhD_en_LATEX/Kap5/Fig_Kap5/mass_fitComb.png
20	/Universidad/Doctorado/unswthesis/Fig_Kap4/num_mol_prot.pdf	//tesis/unswthesis/Fig_Kap4/num_mol_prot.pdf
20	/Universidad/Doctorado/unswthesis/Fig_Kap4/num_mol_prot.pdf	//tesis/TesisMScyPhD_en_LATEX/Kap4/Fig_Kap4/num_mol_prot.pdf
20	/Universidad/Doctorado/unswthesis/Fig_Kap4/artificial_error.pdf	//tesis/unswthesis/Fig_Kap4/artificial_error.pdf
20	/Universidad/Doctorado/unswthesis/Fig_Kap4/artificial_error.pdf	//tesis/TesisMScyPhD_en_LATEX/Kap4/Fig_Kap4/artificial_error.pdf
20	/Universidad/Doctorado/unswthesis/Fig_Kap3/fig4_2.pdf	//tesis/unswthesis/Fig_Kap3/fig4_2.pdf
20	/Universidad/Doctorado/unswthesis/Fig_Kap3/fig4_2.pdf	//tesis/TesisMScyPhD_en_LATEX/Kap3/Fig_Kap3/fig4_2.pdf
20	/Universidad/Doctorado/TesismscyPhD_en_LyX/Kap3/Fig_Kap3/reaction.jpg	//poster/scf2013/images2013_2/reaction.jpg
20	/Universidad/Doctorado/TesismscyPhD_en_LyX/Kap3/Fig_Kap3/eb3.png	//poster/scf2013/images2013_2/eb3.png
20	/Universidad/Doctorado/TesismscyPhD_en_LyX/Kap3/Fig_Kap3/cosyexp.png	//poster/scf2013/images2013_2/cosyexp.png
20	/Universidad/Doctorado/TesismscyPhD_en_LyX/Kap3/Fig_Kap3/cosy_big.png	//poster/scf2013/images2013_2/cosy_big.png
